symbol,price
0GUSDT,0.3024
1000CATUSDT,0.002293
1000CHEEMSUSDT,0.000562
1000SATSUSDT,1.268e-05
1INCHDOWNUSDT,0.0
1INCHUPUSDT,0.0
1INCHUSDT,0.1061
1MBABYDOGEUSDT,0.0004177
2ZUSDT,0.04506
A2ZUSDT,8.4e-05
AAOIBUSDT,116.36
AAPLBUSDT,332.86
AAVEDOWNUSDT,0.0
AAVEUPUSDT,0.0
AAVEUSDT,178.61
ACAUSDT,0.0018
ACEUSDT,0.1922
ACHUSDT,0.00609
ACMUSDT,0.285
ACTUSDT,0.01098
ACXUSDT,0.04123
ADADOWNUSDT,0.001917
ADAUPUSDT,0.104
ADAUSDT,0.2737
ADBEBUSDT,239.07
ADXUSDT,0.0673
AERGOUSDT,0.0635
AEROUSDT,0.8486
AEURUSDT,1.1443
AEVOUSDT,0.02645
AGIXUSDT,0.6141
AGLDUSDT,0.2105
AGPUBUSDT,12.45
AIGENSYNUSDT,0.02102
AIONUSDT,0.00943
AIUSDT,0.0204
AIXBTUSDT,0.02335
AKROUSDT,0.000981
ALABBUSDT,351.42
ALCXUSDT,1.91
ALGOUSDT,0.1313
ALICEUSDT,0.1822
ALLOUSDT,0.2631
ALPACAUSDT,0.2244
ALPHAUSDT,0.0097
ALPINEUSDT,0.362
ALTUSDT,0.00791
AMATBUSDT,535.98
AMBUSDT,0.00032
AMCBUSDT,2.76
AMDBUSDT,630.98
AMPUSDT,0.00063
AMZNBUSDT,250.95
ANCUSDT,0.03151
ANIMEUSDT,0.00338
ANKRUSDT,0.00495
ANTUSDT,7.407
ANYUSDT,0.0
APEUSDT,0.1695
API3USDT,0.2927
APTUSDT,0.8149
ARBUSDT,0.2047
ARDRUSDT,0.02096
ARKMUSDT,0.1367
ARKUSDT,0.2198
ARMBUSDT,306.5
ARPAUSDT,0.01135
ARUSDT,4.466
ASMLBUSDT,1841.48
ASRUSDT,0.866
ASTERUSDT,0.7299
ASTRUSDT,0.007571
ASTSBUSDT,58.58
ASTUSDT,0.0261
ATAUSDT,0.0012
ATMUSDT,1.032
ATOMUSDT,1.776
ATUSDT,0.1276
AUCTIONUSDT,3.755
AUDIOUSDT,0.01672
AUDUSDT,0.7252
AUSDT,0.0981
AUTOUSDT,95.3
AVAUSDT,0.2554
AVAXUSDT,11.0
AVGOBUSDT,355.33
AVNTUSDT,0.1305
AWEUSDT,0.06816
AXLUSDT,0.0543
AXSUSDT,1.314
AXTIBUSDT,86.38
BABABUSDT,107.34
BABYUSDT,0.0137
BADGERUSDT,0.762
BAKEUSDT,0.0519
BALUSDT,0.967
BANANAS31USDT,0.007672
BANANAUSDT,3.991
BANDUSDT,0.2284
BANKUSDT,0.0287
BARDUSDT,0.1367
BARUSDT,0.281
BATUSDT,0.1041
BBUSDT,0.00967
BCCUSDT,0.0
BCHABCUSDT,0.0
BCHDOWNUSDT,0.0
BCHSVUSDT,0.0
BCHUPUSDT,0.0
BCHUSDT,316.2
BEAMUSDT,0.0652
BEAMXUSDT,0.00261
BEARUSDT,0.0
BEBUSDT,287.42
BELUSDT,0.1282
BERAUSDT,0.2332
BETAUSDT,0.00036
BETHUSDT,1556.27
BFUSDUSDT,0.9999
BICOUSDT,0.0219
BIFIUSDT,32.1
BIGTIMEUSDT,0.00927
BIOUSDT,0.03142
BKRWUSDT,0.0
BLURUSDT,0.02123
BLZUSDT,0.0582
BMNRBUSDT,26.91
BMTUSDT,0.01956
BNBBEARUSDT,0.0
BNBBULLUSDT,0.0
BNBDOWNUSDT,0.002151
BNBUPUSDT,61.8
BNBUSDT,788.29
BNCBUSDT,6.1
BNSOLUSDT,136.6
BNTUSDT,0.3477
BNXUSDT,1.7819
BOMEUSDT,0.0010361
BONDUSDT,2.152
BONKUSDT,4.02e-06
BREVUSDT,0.0888
BROCCOLI714USDT,0.02757
BSWUSDT,0.0112
BTCDOWNUSDT,0.001185
BTCSTUSDT,5.35
BTCUPUSDT,16.6
BTCUSDT,86070.01
BTGUSDT,17.65
BTSUSDT,0.0054
BTTCUSDT,3.8e-07
BTTUSDT,0.0
BULLUSDT,0.0
BURGERUSDT,0.0172
BUSDUSDT,1.0003
BZRXUSDT,0.0
C98USDT,0.01618
CAKEUSDT,2.503
CATIUSDT,0.06766
CBRSBUSDT,176.84
CELOUSDT,0.10522
CELRUSDT,0.003105
CETUSUSDT,0.02865
CFGUSDT,0.1557
CFXUSDT,0.05481
CGPTUSDT,0.02402
CHESSUSDT,0.00281
CHIPUSDT,0.04987
CHRUSDT,0.02309
CHZUSDT,0.01696
CITYUSDT,0.354
CKBUSDT,0.001332
CLVUSDT,0.02937
COCOSUSDT,1.7546
COHRBUSDT,335.94
COINBUSDT,187.17
COMBOUSDT,0.0276
COMPUSDT,24.94
COOKIEUSDT,0.01352
COSUSDT,0.000251
COTIUSDT,0.0142
COWUSDT,0.1584
CRCLBUSDT,83.57
CRDOBUSDT,219.6
CREAMUSDT,2.1
CRMBUSDT,234.24
CRVUSDT,0.3785
CRWDBUSDT,269.99
CRWVBUSDT,89.95
CTKUSDT,0.1292
CTSIUSDT,0.03
CTXCUSDT,0.0634
CUSDT,0.1048
CVCUSDT,0.03055
CVPUSDT,0.0339
CVXUSDT,2.278
CYBERUSDT,0.32
CYPHBUSDT,2.96
DAIUSDT,0.0
DARUSDT,0.21707
DASHUSDT,59.86
DATAUSDT,0.00088
DCRUSDT,18.39
DEGOUSDT,0.028
DELLBUSDT,563.0
DENTUSDT,3.8e-05
DEXEUSDT,1.883
DFUSDT,0.00164
DGBUSDT,0.00428
DIAUSDT,0.1601
DJTBUSDT,8.92
DNTUSDT,0.036
DOCKUSDT,0.0039
DODOUSDT,0.01889
DOGEUSDT,0.09645
DOGSUSDT,4.774e-05
DOLOUSDT,0.03116
DOTDOWNUSDT,16.737
DOTUPUSDT,0.096
DOTUSDT,1.217
DRAMBUSDT,61.54
DREPUSDT,0.0256
DUSDT,0.00461
DUSKUSDT,0.0844
DYDXUSDT,0.14726
DYMUSDT,0.01956
EDENUSDT,0.05985
EDUUSDT,0.0554
EGLDUSDT,4.61
EIGENUSDT,0.2618
ELFUSDT,0.2272
ENAUSDT,0.2474
ENJUSDT,0.03385
ENSOUSDT,1.003
ENSUSDT,6.93
EOSBEARUSDT,0.0
EOSBULLUSDT,0.0
EOSDOWNUSDT,0.0
EOSUPUSDT,0.0
EOSUSDT,0.7799
EPICUSDT,0.5258
EPSUSDT,0.0
EPXUSDT,1.94e-05
ERAUSDT,0.0653
ERDUSDT,0.0
ERNUSDT,2.183
ESPUSDT,0.1109
ETCUSDT,9.02
ETHBEARUSDT,0.0
ETHBULLUSDT,0.0
ETHDOWNUSDT,0.0457
ETHFIUSDT,0.7642
ETHUPUSDT,11.651
ETHUSDT,2720.54
EULUSDT,1.45
EURIUSDT,1.1209
EURUSDT,1.121
EWYBUSDT,190.97
FARMUSDT,5.8
FDUSDUSDT,0.9992
FETUSDT,0.2607
FFUSDT,0.11611
FIDAUSDT,0.02154
FILDOWNUSDT,0.0
FILUPUSDT,0.0
FILUSDT,1.0753
FIOUSDT,0.00094
FIROUSDT,0.3
FISUSDT,0.0191
FLMUSDT,0.0167
FLNCBUSDT,7.61
FLOKIUSDT,2.954e-05
FLOWUSDT,0.03191
FLUXUSDT,0.0796
FOGOUSDT,0.00538
FORMUSDT,0.2831
FORTHUSDT,0.237
FORUSDT,0.00306
FRAXUSDT,0.299
FRONTUSDT,0.88
FTMUSDT,0.6994
FTTUSDT,0.2567
FUNUSDT,0.000342
FUSDT,0.003445
FWDIBUSDT,8.29
FXSUSDT,0.812
GALAUSDT,0.002529
GALUSDT,2.542
GASUSDT,1.429
GBPUSDT,1.18
GENIUSUSDT,0.3268
GFTUSDT,0.00196
GHSTUSDT,0.108
GIGGLEUSDT,38.82
GLMRUSDT,0.012276
GLMUSDT,0.1299
GLWBUSDT,163.91
GMEBUSDT,25.01
GMTUSDT,0.00898
GMXUSDT,8.5
GNOUSDT,120.35
GNSUSDT,0.424
GOOGLBUSDT,342.69
GPROBUSDT,1.31
GPSUSDT,0.0107
GRAMUSDT,1.552
GRTUSDT,0.03002
GSBUSDT,904.13
GTCUSDT,0.21698
GTOUSDT,0.01233
GUNUSDT,0.00323
GUSDT,0.00478
GXSUSDT,0.0
HAEDALUSDT,0.01979
HARDUSDT,0.0095
HBARUSDT,0.10318
HCUSDT,0.0
HEIUSDT,0.1396
HEMIUSDT,0.00599
HFTUSDT,0.00711
HIFIUSDT,0.127
HIGHUSDT,0.034
HIMSBUSDT,29.06
HIVEUSDT,0.0573
HMSTRUSDT,0.0001721
HNTUSDT,4.67
HOLOUSDT,0.066
HOMEUSDT,0.00569
HOODBUSDT,114.01
HOOKUSDT,0.0078
HOTUSDT,0.000453
HPEBUSDT,69.45
HUMAUSDT,0.0351
HYPERUSDT,0.0726
HYPEUSDT,93.05
IBMBUSDT,222.64
ICPUSDT,3.311
ICXUSDT,0.00841
IDEXUSDT,0.00199
IDUSDT,0.0371
ILVUSDT,4.06
IMXUSDT,0.186
INITUSDT,0.11676
INJUSDT,7.516
INTCBUSDT,114.53
INTWBUSDT,28.31
IOSTUSDT,0.000852
IOTAUSDT,0.059
IOTXUSDT,0.003649
IOUSDT,0.1735
IQUSDT,0.0009
IRENBUSDT,41.89
IRISUSDT,0.00521
JASMYUSDT,0.00539
JOEUSDT,0.0407
JSTUSDT,0.14104
JTOUSDT,0.5826
JUPUSDT,0.3343
JUVUSDT,0.327
KAIAUSDT,0.0398
KAITOUSDT,0.3482
KATUSDT,0.00485
KAVAUSDT,0.06864
KDAUSDT,0.006
KEEPUSDT,0.0
KERNELUSDT,0.0549
KEYUSDT,0.001253
KGSTUSDT,0.011303
KITEUSDT,0.1444
KLAYUSDT,0.1255
KMDUSDT,0.0163
KMNOUSDT,0.03944
KNCUSDT,0.1419
KORUBUSDT,22.61
KP3RUSDT,16.48
KSMUSDT,5.2
LAUSDT,0.0697
LAYERUSDT,0.0783
LAZIOUSDT,0.389
LDOUSDT,0.4698
LENDUSDT,0.0
LEVERUSDT,0.000175
LINAUSDT,0.000337
LINEAUSDT,0.002891
LINKDOWNUSDT,0.000895
LINKUPUSDT,0.00608
LINKUSDT,14.161
LISTAUSDT,0.0856
LITEBUSDT,1091.8
LITUSDT,0.743
LOKAUSDT,0.1237
LOOMUSDT,0.04831
LPTUSDT,1.728
LQTYUSDT,0.2365
LRCUSDT,0.01879
LSKUSDT,0.2684
LTCDOWNUSDT,0.0
LTCUPUSDT,0.0
LTCUSDT,70.43
LTOUSDT,0.0038
LUMIAUSDT,0.0892
LUNAUSDT,0.0511
LUNCUSDT,5.305e-05
MAGICUSDT,0.061
MANAUSDT,0.1038
MANTAUSDT,0.07098
MANTRAUSDT,0.00451
MARSCOINUSDT,0.1097
MASKUSDT,0.491
MATICUSDT,0.3794
MAVUSDT,0.01157
MBLUSDT,0.000815
MBOXUSDT,0.0021
MCOUSDT,0.0
MCUSDT,0.4861
MDTUSDT,0.00403
MDXUSDT,0.0345
MEGAUSDT,0.05182
MEMEUSDT,0.00062
METABUSDT,725.96
METISUSDT,3.4
METUSDT,0.2975
MEUSDT,0.07665
MFTUSDT,0.005254
MINAUSDT,0.1709
MIRAUSDT,0.05291
MIRUSDT,0.14168
MITHUSDT,0.00345
MITOUSDT,0.01588
MKRUSDT,1813.7
MLNUSDT,1.7
MMTUSDT,0.189
MOBUSDT,0.0623
MORPHOUSDT,2.696
MOVEUSDT,0.010112
MOVRUSDT,2.315
MRNABUSDT,188.78
MRVLBUSDT,273.85
MSFTBUSDT,517.52
MSTRBUSDT,164.23
MTLUSDT,0.3189
MUBARAKUSDT,0.07574
MUBUSDT,1071.99
MULTIUSDT,0.834
MUUBUSDT,36.88
MVLLBUSDT,38.28
NANOUSDT,0.0
NBISBUSDT,243.24
NBSUSDT,0.00166
NBTUSDT,0.00252
NEARUSDT,5.012
NEBLUSDT,0.355
NEIROUSDT,9.394e-05
NEOUSDT,2.564
NEWTUSDT,0.05105
NEXOUSDT,0.868
NFLXBUSDT,67.35
NFPUSDT,0.00181
NIGHTUSDT,0.04699
NILUSDT,0.09669
NKNUSDT,0.0073
NMRUSDT,11.63
NOKBUSDT,10.53
NOMUSDT,0.002521
NOTUSDT,0.000506
NPXSUSDT,0.0
NTRNUSDT,0.0016
NULSUSDT,0.0258
NUUSDT,0.0
NVDABUSDT,235.24
NXPCUSDT,0.2358
OAXUSDT,0.0358
OCEANUSDT,0.6123
OGNUSDT,0.02063
OGUSDT,2.82
OMGUSDT,0.383
OMNIUSDT,3.88
OMUSDT,0.0669
ONDOUSDT,0.5043
ONEUSDT,0.00242
ONGUSDT,0.08992
ONTUSDT,0.06048
OOKIUSDT,0.000119
OPENUSDT,0.1216
OPGUSDT,0.1375
OPNUSDT,0.0584
OPUSDT,0.1353
ORCAUSDT,1.988
ORCLBUSDT,143.04
ORDIUSDT,4.592
ORNUSDT,1.053
OSMOUSDT,0.036
OXTUSDT,0.0094
PARTIUSDT,0.031
PAXGUSDT,4164.0
PAXUSDT,0.0
PDAUSDT,0.00977
PDDBUSDT,75.69
PENDLEUSDT,2.464
PENGUUSDT,0.009875
PEOPLEUSDT,0.00897
PEPEUSDT,4.54e-06
PERLUSDT,0.0046
PERPUSDT,0.125
PHAUSDT,0.0778
PHBUSDT,0.015
PIVXUSDT,0.0097
PIXELUSDT,0.00622
PLAUSDT,0.2347
PLTRBUSDT,188.96
PLUMEUSDT,0.01882
PNTUSDT,0.035
PNUTUSDT,0.0548
POLSUSDT,0.3079
POLUSDT,0.11051
POLYUSDT,0.2696
POLYXUSDT,0.0422
PONDUSDT,0.00081
PORTALUSDT,0.01801
PORTOUSDT,0.459
POWRUSDT,0.0677
PROMUSDT,6.123
PROSUSDT,0.0372
PROVEUSDT,0.2144
PSGUSDT,0.461
PUMPUSDT,0.006357
PUNDIXUSDT,0.1228
PYPLBUSDT,52.45
PYRUSDT,0.021
PYTHUSDT,0.08085
QCOMBUSDT,187.56
QIUSDT,0.002859
QKCUSDT,0.0028
QNTBUSDT,46.34
QNTUSDT,253.72
QQQBUSDT,748.04
QTUMUSDT,0.991
QUICKUSDT,0.01057
RADUSDT,0.266
RAMPUSDT,0.0
RAREUSDT,0.01693
RAYUSDT,2.0453
RDDTBUSDT,148.13
RDNTUSDT,0.00328
REDUSDT,0.1732
REEFUSDT,0.000688
REIUSDT,0.00401
RENDERUSDT,2.009
RENUSDT,0.04274
REPUSDT,4.73
REQUSDT,0.0558
RESOLVUSDT,0.01978
REUSDT,0.5194
REZUSDT,0.004192
RGTUSDT,0.0
RIFUSDT,0.0817
RKLBBUSDT,74.1
RLCUSDT,0.4361
RLUSDUSDT,1.0002
RNDRUSDT,7.03
ROBOUSDT,0.00863
RONINUSDT,0.067
ROSEUSDT,0.00838
RPLUSDT,1.93
RSRUSDT,0.001752
RUNEUSDT,0.78
RVNUSDT,0.002366
SAGAUSDT,0.02343
SAHARAUSDT,0.0093
SANDUSDT,0.07351
SANTOSUSDT,0.521
SAPIENUSDT,0.0758
SCRTUSDT,0.0071
SCRUSDT,0.03127
SCUSDT,0.001023
SEIUSDT,0.07459
SENTUSDT,0.0236
SFPUSDT,0.3001
SHAZBUSDT,51.6
SHELLUSDT,0.024
SHIBUSDT,5.98e-06
SIGNUSDT,0.01291
SKHYBUSDT,194.0
SKLUSDT,0.00468
SKYUSDT,0.09374
SLFUSDT,0.0208
SLPUSDT,0.000697
SMCIBUSDT,43.67
SMHBUSDT,628.51
SNDKBUSDT,1726.36
SNTUSDT,0.0272
SNXUSDT,0.2534
SNXXBUSDT,16.41
SOLUSDT,120.74
SOLVUSDT,0.00427
SOMIUSDT,0.2117
SOPHUSDT,0.00386
SOXLBUSDT,161.35
SOXSBUSDT,30.21
SPCXBUSDT,160.06
SPELLUSDT,9.82e-05
SPKUSDT,0.024683
SPYBUSDT,768.21
SQQQBUSDT,33.39
SRMUSDT,0.24442
SSVUSDT,3.135
STEEMUSDT,0.06272
STGUSDT,0.1695
STMXUSDT,0.004565
STORJUSDT,0.0298
STORMUSDT,0.0
STOUSDT,0.0412
STPTUSDT,0.07042
STRATUSDT,0.0
STRAXUSDT,0.01139
STRKUSDT,0.05764
STXBUSDT,861.36
STXUSDT,0.3833
SUIUSDT,1.2409
SUNUSDT,0.01721
SUPERUSDT,0.2438
SUSDT,0.04263
SUSDUSDT,0.0
SUSHIDOWNUSDT,0.0
SUSHIUPUSDT,0.0
SUSHIUSDT,0.2562
SXPDOWNUSDT,0.0
SXPUPUSDT,0.0
SXPUSDT,0.0022
SXTUSDT,0.00943
SYNUSDT,0.18515
SYRUPUSDT,0.2543
SYSUSDT,0.00223
TAOUSDT,304.5
TCTUSDT,0.00312
TFUELUSDT,0.01054
THETAUSDT,0.2314
THEUSDT,0.0738
TIAUSDT,0.4767
TKOUSDT,0.0601
TLMUSDT,0.001567
TNSRUSDT,0.0394
TOMOUSDT,1.3819
TONUSDT,1.6
TORNUSDT,4.06
TOWNSUSDT,0.002237
TQQQBUSDT,80.47
TRBUSDT,20.07
TREEUSDT,0.0464
TRIBEUSDT,0.2018
TROYUSDT,6.9e-05
TRUMPUSDT,2.078
TRUUSDT,0.0023
TRXDOWNUSDT,1.139
TRXUPUSDT,0.03854
TRXUSDT,0.3363
TSLABUSDT,370.57
TSMBUSDT,477.82
TSTUSDT,0.01927
TURBOUSDT,0.001053
TURTLEUSDT,0.0438
TUSDT,0.00547
TUSDUSDT,0.9997
TUTUSDT,0.02503
TVKUSDT,0.05405
TWTUSDT,0.571
UFTUSDT,0.0089
UMAUSDT,0.408
UNFIUSDT,1.341
UNIDOWNUSDT,0.0
UNIUPUSDT,0.0
UNIUSDT,9.011
USARBUSDT,13.66
USD1USDT,0.99979
USDCUSDT,1.00012
USDEUSDT,1.0
USDPUSDT,0.9997
USDSBUSDT,0.0
USDSOLDUSDT,0.0
USDSUSDT,0.9999
USTCUSDT,0.00582
USTUSDT,0.0
USUALUSDT,0.01312
UTKUSDT,0.00795
UUSDT,0.9995
VANAUSDT,1.098
VANRYUSDT,0.00074
VELODROMEUSDT,0.03725
VENUSDT,0.0
VETUSDT,0.008741
VGXUSDT,0.018
VIBUSDT,0.00223
VICUSDT,0.0077
VIDTUSDT,0.00115
VIRTUALUSDT,0.8758
VITEUSDT,0.00086
VOXELUSDT,0.014
VTHOUSDT,0.00065
WALUSDT,0.03625
WANUSDT,0.0543
WAVESUSDT,1.076
WAXPUSDT,0.00618
WBETHUSDT,3009.8
WBTCUSDT,85991.02
WCTUSDT,0.04304
WDCBUSDT,420.63
WENBUSDT,6.16
WIFUSDT,0.2624
WINGUSDT,0.326
WINUSDT,5.166e-05
WLDUSDT,0.5779
WLFIUSDT,0.0553
WNXMUSDT,73.26
WOOUSDT,0.01349
WRXUSDT,0.0173
WTCUSDT,0.0103
WUSDT,0.01463
XAIUSDT,0.00989
XAUTUSDT,4157.1
XECUSDT,8.17e-06
XEMUSDT,0.01596
XLMDOWNUSDT,0.0
XLMUPUSDT,0.0
XLMUSDT,0.2218
XMRUSDT,118.7
XNOUSDT,0.366
XPLUSDT,0.09505
XRPBEARUSDT,0.0
XRPBULLUSDT,0.0
XRPDOWNUSDT,8.172e-05
XRPUPUSDT,0.0855
XRPUSDT,1.5166
XTZDOWNUSDT,0.0
XTZUPUSDT,0.0
XTZUSDT,0.3325
XUSDUSDT,1.0005
XVGUSDT,0.003138
XVSUSDT,3.414
XZCUSDT,0.0
YBUSDT,0.0865
YFIDOWNUSDT,0.0
YFIIUSDT,435.5
YFIUPUSDT,0.0
YFIUSDT,2565.0
YGGUSDT,0.02792
ZAMAUSDT,0.083
ZBTUSDT,0.0865
ZECUSDT,1315.91
ZENUSDT,7.119
ZILUSDT,0.003592
ZKCUSDT,0.0435
ZKPUSDT,0.0539
ZKUSDT,0.01289
ZMBUSDT,92.83
ZROUSDT,1.961
ZRXUSDT,0.127
币安人生USDT,0.5099
牛来USDT,0.08137
