updated_at,symbol,price,changePercent,high,low,volume
2026-10-05 13:35:05,GTCUSDT,0.22069000,75.276,0.24490000,0.11869000,172994092.40000000
2026-10-05 13:35:05,CREAMUSDT,2.10000000,65.354,2.25000000,1.22000000,184081.17200000
2026-10-05 13:35:05,PNTUSDT,0.03500000,45.228,0.03500000,0.02150000,10778397.00000000
2026-10-05 13:35:05,MOVRUSDT,2.35800000,28.013,2.39000000,1.65500000,9589549.19400000
2026-10-05 13:35:05,SCRUSDT,0.03103000,24.219,0.03276000,0.02487000,258851852.00000000
2026-10-05 13:35:05,RLCUSDT,0.43560000,20.298,0.45400000,0.36000000,4787942.90000000
2026-10-05 13:35:05,KDAUSDT,0.00600000,17.647,0.00720000,0.00480000,60759603.02000000
2026-10-05 13:35:05,CLVUSDT,0.02937000,13.970,0.03082000,0.02062000,13386084.70000000
2026-10-05 13:35:05,MDXUSDT,0.03450000,13.524,0.03830000,0.02917000,8965485.10000000
2026-10-05 13:35:05,MUBARAKUSDT,0.07539000,13.130,0.07924000,0.06500000,393315247.00000000
2026-10-05 13:35:05,WAVESUSDT,1.07600000,11.967,1.08200000,0.95100000,435097.68000000
2026-10-05 13:35:05,PARTIUSDT,0.03090000,11.957,0.03160000,0.02720000,77771371.40000000
2026-10-05 13:35:05,FETUSDT,0.26040000,11.904,0.27230000,0.23140000,215873279.30000000
2026-10-05 13:35:05,ADAUSDT,0.27330000,11.551,0.27510000,0.24400000,350711998.90000000
2026-10-05 13:35:05,NILUSDT,0.09681000,11.417,0.10980000,0.08584000,110982706.00000000
2026-10-05 13:35:05,TSTUSDT,0.01922000,11.098,0.02036000,0.01716000,305104028.00000000
2026-10-05 13:35:05,CHIPUSDT,0.04972000,10.858,0.05092000,0.04461000,98232741.00000000
2026-10-05 13:35:05,HOOKUSDT,0.00780000,9.859,0.01100000,0.00710000,35630673.20000000
2026-10-05 13:35:05,VIRTUALUSDT,0.86500000,9.383,0.88610000,0.78410000,19386282.60000000
2026-10-05 13:35:05,ELFUSDT,0.22720000,8.812,0.23740000,0.20300000,2922677.50000000
2026-10-05 13:35:05,RENUSDT,0.04274000,8.477,0.04346000,0.03910000,11361461.00000000
2026-10-05 13:35:05,FLMUSDT,0.01670000,8.442,0.01680000,0.01500000,16117772.00000000
2026-10-05 13:35:05,ADADOWNUSDT,0.00191700,8.428,0.00215000,0.00175600,340525452.40000000
2026-10-05 13:35:05,ORCAUSDT,1.98100000,8.311,2.21900000,1.77500000,6166879.30000000
2026-10-05 13:35:05,FLUXUSDT,0.08160000,7.937,0.08260000,0.07520000,4740685.93000000
2026-10-05 13:35:05,STRKUSDT,0.05744000,7.646,0.06086000,0.05332000,346707099.00000000
2026-10-05 13:35:05,FLOKIUSDT,0.00002936,7.625,0.00003000,0.00002703,195443420932.00
2026-10-05 13:35:05,EDUUSDT,0.05580000,7.102,0.05750000,0.05190000,17965291.00000000
2026-10-05 13:35:05,ZKPUSDT,0.05290000,6.869,0.05890000,0.04890000,68382235.00000000
2026-10-05 13:35:05,HFTUSDT,0.00711000,6.278,0.00999900,0.00598500,286902976.60000000
2026-10-05 13:35:05,HIFIUSDT,0.12700000,6.187,0.13930000,0.11430000,7092566.00000000
2026-10-05 13:35:05,KAIAUSDT,0.03970000,5.867,0.04010000,0.03720000,15199074.20000000
2026-10-05 13:35:05,OPNUSDT,0.05810000,5.829,0.05920000,0.05300000,31634523.20000000
2026-10-05 13:35:05,ENAUSDT,0.25070000,5.691,0.25800000,0.23440000,181623659.84000000
2026-10-05 13:35:05,GRTUSDT,0.02977000,5.680,0.03100000,0.02809000,82382408.00000000
2026-10-05 13:35:05,ERNUSDT,2.18300000,5.663,2.21000000,2.04900000,297375.70000000
2026-10-05 13:35:05,WINUSDT,0.00005091,5.557,0.00005248,0.00004772,6229646184.00000000
2026-10-05 13:35:05,PLAUSDT,0.23470000,5.531,0.23800000,0.22200000,3506608.82000000
2026-10-05 13:35:05,PLUMEUSDT,0.01915000,5.394,0.01920000,0.01812000,139947156.00000000
2026-10-05 13:35:05,JTOUSDT,0.58360000,5.362,0.59090000,0.55000000,5622699.90000000
2026-10-05 13:35:05,ACTUSDT,0.01124000,5.243,0.01137000,0.01057000,40805809.00000000
2026-10-05 13:35:05,LITUSDT,0.74300000,5.241,0.75500000,0.65600000,1150064.50000000
2026-10-05 13:35:05,LAUSDT,0.07050000,5.224,0.07140000,0.06610000,20252918.40000000
2026-10-05 13:35:05,CUSDT,0.10520000,5.200,0.10700000,0.09990000,8348565.70000000
2026-10-05 13:35:05,BROCCOLI714USDT,0.02761000,5.181,0.02824000,0.02614000,88197971.00000000
2026-10-05 13:35:05,SUIUSDT,1.23510000,4.981,1.26550000,1.17390000,95863761.30000000
2026-10-05 13:35:05,CATIUSDT,0.06865000,4.969,0.07100000,0.06380000,12512304.20000000
2026-10-05 13:35:05,WIFUSDT,0.25900000,4.943,0.26370000,0.24480000,13355493.50000000
2026-10-05 13:35:05,ETHFIUSDT,0.76260000,4.897,0.77740000,0.72540000,5480568.60000000
2026-10-05 13:35:05,ROBOUSDT,0.00864000,4.854,0.00898000,0.00802000,305709272.00000000
2026-10-05 13:35:05,FOGOUSDT,0.00546000,4.798,0.00564000,0.00509000,130552515.00000000
2026-10-05 13:35:05,XMRUSDT,118.70000000,4.766,119.60000000,110.40000000,5017.37900000
2026-10-05 13:35:05,CGPTUSDT,0.02391000,4.731,0.02427000,0.02278000,22752956.30000000
2026-10-05 13:35:05,BONKUSDT,0.00000399,4.724,0.00000409,0.00000378,953962403198.00
2026-10-05 13:35:05,LUMIAUSDT,0.08910000,4.700,0.08970000,0.08460000,4024055.44000000
2026-10-05 13:35:05,PERPUSDT,0.12500000,4.690,0.12730000,0.11880000,774608.56000000
2026-10-05 13:35:05,NEIROUSDT,0.00009343,4.660,0.00009499,0.00008866,25818130656.00
2026-10-05 13:35:05,COSUSDT,0.00025100,4.583,0.00029600,0.00021300,627039921.50000000
2026-10-05 13:35:05,MEGAUSDT,0.05129000,4.545,0.05393000,0.04785000,68472065.70000000
2026-10-05 13:35:05,PEPEUSDT,0.00000448,4.429,0.00000458,0.00000426,5922133152992.00
2026-10-05 13:35:05,BONDUSDT,2.15200000,4.415,2.17000000,2.02300000,338710.59000000
2026-10-05 13:35:05,LINAUSDT,0.00033700,4.334,0.00034700,0.00031600,533020119.00000000
2026-10-05 13:35:05,BMTUSDT,0.01959000,4.258,0.01994000,0.01860000,46910278.50000000
2026-10-05 13:35:05,SHIBUSDT,0.00000594,4.211,0.00000603,0.00000568,1075891211485.00
2026-10-05 13:35:05,SAGAUSDT,0.02367000,4.136,0.02382000,0.02244000,140347704.50000000
2026-10-05 13:35:05,BOMEUSDT,0.00102740,4.104,0.00104510,0.00097220,1150533932.00
2026-10-05 13:35:05,ZKCUSDT,0.04330000,4.087,0.04440000,0.04140000,14128966.50000000
2026-10-05 13:35:05,MINAUSDT,0.16990000,4.042,0.17140000,0.15490000,13380918.80000000
2026-10-05 13:35:05,PENGUUSDT,0.00970300,3.875,0.01004500,0.00917200,1781216599.00000000
2026-10-05 13:35:05,LOKAUSDT,0.12370000,3.862,0.13000000,0.11590000,7317699.50000000
2026-10-05 13:35:05,CELOUSDT,0.10468000,3.818,0.10800000,0.09956000,9907175.50000000
2026-10-05 13:35:05,HAEDALUSDT,0.01988000,3.812,0.02393000,0.01876000,244328298.10000000
2026-10-05 13:35:05,SUSDT,0.04251000,3.784,0.04344000,0.03991000,54023258.50000000
2026-10-05 13:35:05,TUTUSDT,0.02526000,3.737,0.02591000,0.02404000,87607342.00000000
2026-10-05 13:35:05,ARKMUSDT,0.13640000,3.647,0.13800000,0.13060000,7611328.50000000
2026-10-05 13:35:05,EPICUSDT,0.53030000,3.574,0.54000000,0.51100000,686210.20000000
2026-10-05 13:35:05,NEARUSDT,5.01200000,3.554,5.19200000,4.81000000,24452548.10000000
2026-10-05 13:35:05,LDOUSDT,0.46920000,3.462,0.47970000,0.44900000,6763122.98000000
2026-10-05 13:35:05,COCOSUSDT,1.75460000,3.443,1.76980000,1.69210000,889158.00000000
2026-10-05 13:35:05,REUSDT,0.52020000,3.440,0.54940000,0.50080000,2800012.10000000
2026-10-05 13:35:05,CETUSUSDT,0.02865000,3.318,0.02908000,0.02761000,16529526.10000000
2026-10-05 13:35:05,EDENUSDT,0.05990000,3.276,0.06070000,0.05773000,4026417.30000000
2026-10-05 13:35:05,ESPUSDT,0.11095000,3.257,0.11133000,0.10451000,14461470.00000000
2026-10-05 13:35:05,BANANAS31USDT,0.00766000,3.248,0.00774800,0.00738700,28175854.00000000
2026-10-05 13:35:05,AVNTUSDT,0.13070000,3.239,0.13450000,0.12560000,6190049.70000000
2026-10-05 13:35:05,AGPUBUSDT,12.47000000,3.228,12.76000000,12.05000000,43515.11000000
2026-10-05 13:35:05,TOMOUSDT,1.38190000,3.219,1.39000000,1.31000000,811812.00000000
2026-10-05 13:35:05,0GUSDT,0.30200000,3.213,0.31410000,0.28980000,5243544.25000000
2026-10-05 13:35:05,WNXMUSDT,73.26000000,3.198,76.37000000,69.38000000,2428.38000000
2026-10-05 13:35:05,XEMUSDT,0.01596000,3.167,0.01630000,0.01484000,19421302.00000000
2026-10-05 13:35:05,BEAMUSDT,0.06520000,3.165,0.06800000,0.06310000,11189369.00000000
2026-10-05 13:35:05,DOGEUSDT,0.09618000,3.010,0.09760000,0.09330000,758952162.00000000
2026-10-05 13:35:05,STXUSDT,0.38280000,2.931,0.41380000,0.37110000,7801241.70000000
2026-10-05 13:35:05,FILUSDT,1.08670000,2.888,1.08990000,1.04260000,6187003.75000000
2026-10-05 13:35:05,SEIUSDT,0.07419000,2.842,0.07588000,0.07204000,108942821.90000000
2026-10-05 13:35:05,ACEUSDT,0.19240000,2.833,0.19830000,0.18580000,111115636.00000000
2026-10-05 13:35:05,NKNUSDT,0.00730000,2.817,0.00760000,0.00660000,25288819.00000000
2026-10-05 13:35:05,BNXUSDT,1.78190000,2.810,1.83000000,1.72810000,433970.90000000
2026-10-05 13:35:05,LSKUSDT,0.27540000,2.723,0.27740000,0.26240000,6482427.30000000
2026-10-05 13:35:05,TRXUPUSDT,0.03854000,2.719,0.03985000,0.03593000,3687587.80000000
2026-10-05 13:35:05,LTOUSDT,0.00380000,2.703,0.00400000,0.00290000,118743621.00000000
2026-10-05 13:35:05,REQUSDT,0.05700000,2.703,0.05760000,0.05510000,1613612.00000000
2026-10-05 13:35:05,MAGICUSDT,0.06100000,2.694,0.06570000,0.05920000,45247452.50000000
2026-10-05 13:35:05,REEFUSDT,0.00068800,2.687,0.00070100,0.00065100,579667377.00000000
2026-10-05 13:35:05,RNDRUSDT,7.03000000,2.583,7.10500000,6.84300000,233254.93000000
2026-10-05 13:35:05,SOXSBUSDT,30.37000000,2.567,30.37000000,28.60000000,25559.45000000
2026-10-05 13:35:05,PYTHUSDT,0.08014000,2.546,0.08108000,0.07636000,23354668.20000000
2026-10-05 13:35:05,ONDOUSDT,0.50370000,2.524,0.51020000,0.48880000,41758371.90000000
2026-10-05 13:35:05,CFGUSDT,0.15550000,2.505,0.15820000,0.14940000,12189022.70000000
2026-10-05 13:35:05,APTUSDT,0.81220000,2.499,0.82800000,0.78520000,9236468.59000000
2026-10-05 13:35:05,PORTALUSDT,0.01796000,2.453,0.02169000,0.01743000,172805372.80000000
2026-10-05 13:35:05,PUMPUSDT,0.00642100,2.392,0.00680600,0.00622600,6428381164.00
2026-10-05 13:35:05,GPSUSDT,0.01073000,2.385,0.01078000,0.01040000,20478429.90000000
2026-10-05 13:35:05,PHAUSDT,0.07740000,2.381,0.07990000,0.07190000,48243279.00000000
2026-10-05 13:35:05,RVNUSDT,0.00237100,2.375,0.00238800,0.00229600,156445847.30000000
2026-10-05 13:35:05,XLMUSDT,0.22180000,2.353,0.22710000,0.21540000,61717587.00000000
2026-10-05 13:35:05,ENSOUSDT,1.00200000,2.349,1.00900000,0.97600000,344726.05000000
2026-10-05 13:35:05,MEMEUSDT,0.00061800,2.318,0.00062700,0.00059900,2264031646.00000000
2026-10-05 13:35:05,THETAUSDT,0.23080000,2.305,0.23420000,0.22480000,3246761.10000000
2026-10-05 13:35:05,YFIIUSDT,435.50000000,2.302,442.40000000,421.10000000,1767.05230000
2026-10-05 13:35:05,HYPEUSDT,92.74000000,2.294,93.77000000,89.65000000,288729.32100000
2026-10-05 13:35:05,STXBUSDT,862.72000000,2.285,867.05000000,839.69000000,58.73900000
2026-10-05 13:35:05,ASTERUSDT,0.72920000,2.272,0.73090000,0.70250000,17098603.69000000
2026-10-05 13:35:05,币安人生USDT,0.51290000,2.253,0.51690000,0.49370000,1902025.00000000
2026-10-05 13:35:05,AIXBTUSDT,0.02330000,2.238,0.02362000,0.02263000,26185782.40000000
2026-10-05 13:35:05,STPTUSDT,0.07042000,2.206,0.07455000,0.06836000,6539537.40000000
2026-10-05 13:35:05,IDUSDT,0.03730000,2.192,0.03770000,0.03610000,9304068.00000000
2026-10-05 13:35:05,BIOUSDT,0.03130000,2.187,0.03180000,0.03011000,28774854.50000000
2026-10-05 13:35:05,BAKEUSDT,0.05190000,2.165,0.05550000,0.04910000,13600840.90000000
2026-10-05 13:35:05,ZILUSDT,0.00357500,2.143,0.00381000,0.00347000,437124169.50000000
2026-10-05 13:35:05,MCUSDT,0.48610000,2.143,0.50550000,0.47190000,1286633.32000000
2026-10-05 13:35:05,TRUMPUSDT,2.07100000,2.120,2.09100000,2.01500000,6966840.22200000
2026-10-05 13:35:05,COTIUSDT,0.01419000,2.086,0.01438000,0.01355000,123870402.00000000
2026-10-05 13:35:05,ENJUSDT,0.03401000,2.071,0.03449000,0.03246000,59612170.60000000
2026-10-05 13:35:05,BREVUSDT,0.08870000,2.071,0.09160000,0.08550000,2789016.80000000
2026-10-05 13:35:05,PEOPLEUSDT,0.00894000,2.055,0.00912000,0.00874000,59438768.10000000
2026-10-05 13:35:05,RENDERUSDT,1.99100000,2.050,2.04100000,1.93800000,2182354.15000000
2026-10-05 13:35:05,MIRAUSDT,0.05282000,2.048,0.05361000,0.05152000,7873598.50000000
2026-10-05 13:35:05,WALUSDT,0.03627000,2.025,0.03708000,0.03519000,18821227.00000000
2026-10-05 13:35:05,DARUSDT,0.21707000,2.021,0.21849000,0.21198000,3335747.00000000
2026-10-05 13:35:05,CVCUSDT,0.03049000,2.007,0.03116000,0.02988000,10500696.00000000
2026-10-05 13:35:05,SKYUSDT,0.09498000,1.976,0.09799000,0.09155000,37260806.00000000
2026-10-05 13:35:05,FRONTUSDT,0.88000000,1.970,0.88800000,0.84700000,632357.00000000
2026-10-05 13:35:05,RESOLVUSDT,0.01968000,1.969,0.02000000,0.01856000,66241352.50000000
2026-10-05 13:35:05,MMTUSDT,0.18950000,1.937,0.19020000,0.18520000,1662426.60000000
2026-10-05 13:35:05,BERAUSDT,0.23250000,1.929,0.23440000,0.22520000,3080454.54000000
2026-10-05 13:35:05,KMDUSDT,0.01630000,1.875,0.02050000,0.01500000,12791695.00000000
2026-10-05 13:35:05,SOPHUSDT,0.00384000,1.857,0.00388000,0.00374000,74490459.00000000
2026-10-05 13:35:05,CRVUSDT,0.37980000,1.823,0.38570000,0.36640000,8636139.00000000
2026-10-05 13:35:05,VETUSDT,0.00872300,1.821,0.00890600,0.00853500,189202516.40000000
2026-10-05 13:35:05,HEIUSDT,0.14010000,1.817,0.14250000,0.13660000,5574544.30000000
2026-10-05 13:35:05,ETCUSDT,8.98000000,1.814,9.09000000,8.81000000,347113.80000000
2026-10-05 13:35:05,ARBUSDT,0.20440000,1.793,0.20820000,0.19740000,53651045.40000000
2026-10-05 13:35:05,HIVEUSDT,0.05720000,1.779,0.05850000,0.05610000,2838775.00000000
2026-10-05 13:35:05,DODOUSDT,0.01892000,1.775,0.01897000,0.01849000,129105136.10000000
2026-10-05 13:35:05,ENSUSDT,6.92000000,1.765,7.00000000,6.74000000,124875.09000000
2026-10-05 13:35:05,AUSDT,0.09820000,1.762,0.09950000,0.09540000,6366874.80000000
2026-10-05 13:35:05,DOTUSDT,1.21400000,1.760,1.24000000,1.18400000,9821759.74000000
2026-10-05 13:35:05,HNTUSDT,4.67000000,1.743,4.70000000,4.55000000,186891.97000000
2026-10-05 13:35:05,XTZUSDT,0.33040000,1.724,0.33930000,0.32250000,3183339.60000000
2026-10-05 13:35:05,WDCBUSDT,421.87000000,1.702,422.92000000,414.45000000,1699.29700000
2026-10-05 13:35:05,VGXUSDT,0.01800000,1.695,0.01870000,0.01640000,29163929.90000000
2026-10-05 13:35:05,APEUSDT,0.16880000,1.687,0.17080000,0.16400000,12943659.98000000
2026-10-05 13:35:05,ORNUSDT,1.05300000,1.641,1.06000000,1.02200000,477794.00000000
2026-10-05 13:35:05,CFXUSDT,0.05478000,1.538,0.05534000,0.05342000,16926257.00000000
2026-10-05 13:35:05,ZENUSDT,7.08100000,1.534,7.22000000,6.93200000,353908.85000000
2026-10-05 13:35:05,WUSDT,0.01460000,1.530,0.01537000,0.01425000,123425433.20000000
2026-10-05 13:35:05,RADUSDT,0.26600000,1.527,0.26800000,0.25800000,905557.00000000
2026-10-05 13:35:05,BELUSDT,0.12800000,1.507,0.12910000,0.12530000,1229625.10000000
2026-10-05 13:35:05,PNUTUSDT,0.05460000,1.487,0.05560000,0.05340000,9502087.10000000
2026-10-05 13:35:05,SQQQBUSDT,33.44000000,1.487,33.47000000,32.70000000,3840.74000000
2026-10-05 13:35:05,GALUSDT,2.54200000,1.477,2.60000000,2.49000000,500864.04200000
2026-10-05 13:35:05,PENDLEUSDT,2.47800000,1.474,2.53100000,2.38700000,1037348.90000000
2026-10-05 13:35:05,TURBOUSDT,0.00105100,1.448,0.00107400,0.00102700,353358723.00000000
2026-10-05 13:35:05,GMXUSDT,8.47000000,1.437,8.69000000,8.24000000,64159.91400000
2026-10-05 13:35:05,GNSUSDT,0.42400000,1.435,0.42900000,0.41200000,471500.81000000
2026-10-05 13:35:05,ALICEUSDT,0.18100000,1.401,0.18290000,0.17350000,8767110.45000000
2026-10-05 13:35:05,FFUSDT,0.11589000,1.338,0.12152000,0.11390000,14473715.10000000
2026-10-05 13:35:05,OPGUSDT,0.13670000,1.334,0.13950000,0.13300000,4310363.80000000
2026-10-05 13:35:05,ONTUSDT,0.06050000,1.323,0.06108000,0.05903000,6019898.00000000
2026-10-05 13:35:05,AXLUSDT,0.05440000,1.304,0.05450000,0.05280000,3829093.60000000
2026-10-05 13:35:05,GENIUSUSDT,0.32650000,1.303,0.32840000,0.31600000,1682711.70000000
2026-10-05 13:35:05,1000SATSUSDT,0.00001265,1.281,0.00001275,0.00001234,16371262774.00
2026-10-05 13:35:05,CYBERUSDT,0.32000000,1.266,0.32100000,0.31300000,1198841.61000000
2026-10-05 13:35:05,BABYUSDT,0.01368000,1.258,0.01413000,0.01342000,35123994.00000000
2026-10-05 13:35:05,JOEUSDT,0.04070000,1.244,0.04100000,0.03990000,2501581.01000000
2026-10-05 13:35:05,UMAUSDT,0.40800000,1.241,0.42800000,0.39600000,940863.90000000
2026-10-05 13:35:05,QUICKUSDT,0.01061000,1.240,0.01179000,0.01045000,23327401.00000000
2026-10-05 13:35:05,OPENUSDT,0.12160000,1.165,0.12530000,0.11220000,33246931.40000000
2026-10-05 13:35:05,ATOMUSDT,1.77200000,1.142,1.80800000,1.72900000,1826905.86000000
2026-10-05 13:35:05,KAITOUSDT,0.34800000,1.133,0.35600000,0.34110000,2887480.40000000
2026-10-05 13:35:05,COOKIEUSDT,0.01345000,1.128,0.01369000,0.01286000,19891481.10000000
2026-10-05 13:35:05,XRPUSDT,1.51650000,1.127,1.53100000,1.49590000,88756532.70000000
2026-10-05 13:35:05,OSMOUSDT,0.03600000,1.124,0.03650000,0.03520000,3601512.40000000
2026-10-05 13:35:05,AIGENSYNUSDT,0.02100000,1.107,0.02114000,0.02062000,17424618.00000000
2026-10-05 13:35:05,FTTUSDT,0.25740000,1.100,0.26200000,0.25400000,853006.20000000
2026-10-05 13:35:05,HBARUSDT,0.10292000,1.090,0.10489000,0.10111000,120655081.00000000
2026-10-05 13:35:05,COINBUSDT,187.28000000,1.090,187.91000000,185.00000000,4524.45800000
2026-10-05 13:35:05,ORDIUSDT,4.57500000,1.083,4.65400000,4.44200000,369385.69000000
2026-10-05 13:35:05,OPUSDT,0.13430000,1.053,0.13670000,0.13000000,43277652.08000000
2026-10-05 13:35:05,NEXOUSDT,0.86500000,1.051,0.88000000,0.84500000,449385.34000000
2026-10-05 13:35:05,PROVEUSDT,0.21420000,0.990,0.21530000,0.20940000,3504476.50000000
2026-10-05 13:35:05,HYPERUSDT,0.07220000,0.979,0.07300000,0.07110000,3354699.20000000
2026-10-05 13:35:05,STOUSDT,0.04130000,0.978,0.04170000,0.04050000,10959685.40000000
2026-10-05 13:35:05,FWDIBUSDT,8.27000000,0.977,8.48000000,8.14000000,14344.10000000
2026-10-05 13:35:05,KLAYUSDT,0.12550000,0.965,0.12600000,0.12420000,6918382.80000000
2026-10-05 13:35:05,TONUSDT,1.60000000,0.946,1.64100000,1.58000000,4800378.41000000
2026-10-05 13:35:05,BBUSDT,0.00963000,0.943,0.00977000,0.00939000,86657824.90000000
2026-10-05 13:35:05,ERAUSDT,0.06540000,0.926,0.06730000,0.06460000,8991293.90000000
2026-10-05 13:35:05,RSRUSDT,0.00174900,0.923,0.00176900,0.00171100,114956300.70000000
2026-10-05 13:35:05,KERNELUSDT,0.05480000,0.921,0.05550000,0.05390000,4752810.00000000
2026-10-05 13:35:05,GASUSDT,1.43000000,0.917,1.44200000,1.40800000,86466.50000000
2026-10-05 13:35:05,WBTCUSDT,86048.71000000,0.915,86915.60000000,85066.08000000,25.67202000
2026-10-05 13:35:05,JSTUSDT,0.14128000,0.914,0.14135000,0.13916000,20146351.10000000
2026-10-05 13:35:05,GRAMUSDT,1.54600000,0.914,1.55500000,1.51600000,3314148.36000000
2026-10-05 13:35:05,ADXUSDT,0.06730000,0.900,0.06790000,0.06520000,11428466.00000000
2026-10-05 13:35:05,BTCUSDT,86092.00000000,0.888,86999.11000000,85094.00000000,12956.82919000
2026-10-05 13:35:05,XECUSDT,0.00000814,0.867,0.00000827,0.00000803,25081289801.00
2026-10-05 13:35:05,SNXXBUSDT,16.38000000,0.862,16.65000000,16.24000000,63192.46000000
2026-10-05 13:35:05,BMNRBUSDT,26.91000000,0.862,27.09000000,26.52000000,18361.31000000
2026-10-05 13:35:05,REZUSDT,0.00423100,0.858,0.00424600,0.00408100,146707771.40000000
2026-10-05 13:35:05,JUPUSDT,0.33300000,0.848,0.34070000,0.32640000,9202850.60000000
2026-10-05 13:35:05,DOLOUSDT,0.03114000,0.842,0.03155000,0.03051000,4978510.00000000
2026-10-05 13:35:05,BABABUSDT,107.34000000,0.827,107.83000000,105.92000000,3179.14600000
2026-10-05 13:35:05,MTLUSDT,0.31800000,0.824,0.32150000,0.31250000,354097.90000000
2026-10-05 13:35:05,AMPUSDT,0.00063000,0.800,0.00065900,0.00062200,1768591092.00000000
2026-10-05 13:35:05,MAVUSDT,0.01153000,0.787,0.01174000,0.01139000,20330028.00000000
2026-10-05 13:35:05,TIAUSDT,0.47420000,0.786,0.48950000,0.46570000,10192945.72000000
2026-10-05 13:35:05,TSMBUSDT,477.51000000,0.772,479.83000000,473.12000000,372.96600000
2026-10-05 13:35:05,SSVUSDT,3.13900000,0.770,3.17500000,3.07400000,57348.50200000
2026-10-05 13:35:05,TFUELUSDT,0.01051000,0.767,0.01095000,0.01037000,20604837.00000000
2026-10-05 13:35:05,RDDTBUSDT,148.16000000,0.762,148.63000000,146.71000000,352.02800000
2026-10-05 13:35:05,MKRUSDT,1813.70000000,0.761,1830.00000000,1780.60000000,244.17980000
2026-10-05 13:35:05,SAHARAUSDT,0.00930000,0.758,0.00938000,0.00914000,46974974.00000000
2026-10-05 13:35:05,REIUSDT,0.00401000,0.754,0.00418000,0.00384000,20139913.50000000
2026-10-05 13:35:05,BTSUSDT,0.00540000,0.746,0.00548000,0.00512000,49593414.80000000
2026-10-05 13:35:05,BICOUSDT,0.02192000,0.735,0.02200000,0.02133000,22696792.96000000
2026-10-05 13:35:05,BNBUPUSDT,61.80000000,0.733,63.00000000,54.19000000,2599.53000000
2026-10-05 13:35:05,WLFIUSDT,0.05530000,0.729,0.05590000,0.05470000,59822700.20
2026-10-05 13:35:05,ACMUSDT,0.28400000,0.709,0.28600000,0.28100000,662321.50000000
2026-10-05 13:35:05,HOMEUSDT,0.00574000,0.702,0.00575000,0.00559000,53712682.00000000
2026-10-05 13:35:05,GLMUSDT,0.12960000,0.699,0.13100000,0.12800000,429881.50000000
2026-10-05 13:35:05,EIGENUSDT,0.26060000,0.696,0.26680000,0.25410000,9782612.27000000
2026-10-05 13:35:05,1MBABYDOGEUSDT,0.00041730,0.676,0.00042730,0.00041210,701450835.00
2026-10-05 13:35:05,DJTBUSDT,8.97000000,0.673,8.97000000,8.90000000,4873.30000000
2026-10-05 13:35:05,PORTOUSDT,0.45900000,0.658,0.46300000,0.45300000,323314.15000000
2026-10-05 13:35:05,XRPDOWNUSDT,0.00008172,0.640,0.00008225,0.00007945,1849130080.81000000
2026-10-05 13:35:05,ADBEBUSDT,238.89000000,0.623,239.24000000,237.23000000,202.05900000
2026-10-05 13:35:05,BTCUPUSDT,16.60000000,0.606,16.80000000,15.00000000,8868.69000000
2026-10-05 13:35:05,DUSKUSDT,0.08410000,0.598,0.08680000,0.08250000,5211820.00000000
2026-10-05 13:35:05,METISUSDT,3.40000000,0.592,3.45000000,3.31000000,88855.20700000
2026-10-05 13:35:05,DASHUSDT,59.60000000,0.591,61.00000000,58.86000000,107732.18800000
2026-10-05 13:35:05,GNOUSDT,120.37000000,0.585,121.00000000,118.19000000,533.10200000
2026-10-05 13:35:05,COWUSDT,0.15890000,0.570,0.15990000,0.15590000,1511286.10000000
2026-10-05 13:35:05,LINKDOWNUSDT,0.00089500,0.562,0.00090800,0.00088100,123547301.81000000
2026-10-05 13:35:05,ALPINEUSDT,0.36200000,0.556,0.37100000,0.35700000,1329504.48000000
2026-10-05 13:35:05,VANAUSDT,1.09700000,0.550,1.12200000,1.08100000,196642.05000000
2026-10-05 13:35:05,NEOUSDT,2.56200000,0.549,2.59400000,2.52900000,165082.44000000
2026-10-05 13:35:05,XNOUSDT,0.36600000,0.549,0.36600000,0.35400000,263982.86000000
2026-10-05 13:35:05,ARUSDT,4.46400000,0.541,4.57700000,4.36600000,521046.64000000
2026-10-05 13:35:05,CRCLBUSDT,83.58000000,0.529,84.12000000,82.22000000,84176.52000000
2026-10-05 13:35:05,POLYUSDT,0.26960000,0.522,0.27300000,0.26370000,5552157.10000000
2026-10-05 13:35:05,GIGGLEUSDT,38.70000000,0.519,40.20000000,37.70000000,86743.20200000
2026-10-05 13:35:05,LAZIOUSDT,0.38900000,0.517,0.39200000,0.38200000,242751.32000000
2026-10-05 13:35:05,XAIUSDT,0.00987000,0.509,0.01020000,0.00976000,87266310.60000000
2026-10-05 13:35:05,IOTXUSDT,0.00364600,0.496,0.00372600,0.00355500,58779012.00000000
2026-10-05 13:35:05,ONGUSDT,0.09019000,0.490,0.09182000,0.08841000,5039429.00000000
2026-10-05 13:35:05,CRDOBUSDT,218.72000000,0.487,223.77000000,217.66000000,683.20900000
2026-10-05 13:35:05,BANDUSDT,0.22890000,0.483,0.23090000,0.22500000,343615.20000000
2026-10-05 13:35:05,POLYXUSDT,0.04230000,0.475,0.04300000,0.04190000,4298602.20000000
2026-10-05 13:35:05,BNBDOWNUSDT,0.00215100,0.467,0.00230000,0.00203100,88637574.64000000
2026-10-05 13:35:05,QKCUSDT,0.00279400,0.467,0.00282300,0.00276200,21027286.00000000
2026-10-05 13:35:05,PAXGUSDT,4165.17000000,0.464,4175.85000000,4136.00000000,2090.09870000
2026-10-05 13:35:05,USUALUSDT,0.01311000,0.460,0.01358000,0.01292000,26238857.90000000
2026-10-05 13:35:05,WBETHUSDT,3005.28000000,0.458,3031.08000000,2979.62000000,680.27330000
2026-10-05 13:35:05,DRAMBUSDT,61.48000000,0.458,62.00000000,61.03000000,6629.65000000
2026-10-05 13:35:05,CKBUSDT,0.00133300,0.452,0.00134300,0.00130400,152335184.00000000
2026-10-05 13:35:05,TRBUSDT,20.07000000,0.450,20.41000000,19.65000000,47516.17500000
2026-10-05 13:35:05,ETHUSDT,2715.14000000,0.441,2739.50000000,2692.00000000,171610.27130000
2026-10-05 13:35:05,HOODBUSDT,114.00000000,0.441,115.06000000,113.25000000,3318.36500000
2026-10-05 13:35:05,DCRUSDT,18.27000000,0.440,18.70000000,18.15000000,8406.85200000
2026-10-05 13:35:05,MUUBUSDT,36.78000000,0.437,37.57000000,36.50000000,7237.12000000
2026-10-05 13:35:05,LINKUSDT,14.15000000,0.433,14.32600000,14.02600000,1090405.26000000
2026-10-05 13:35:05,CRMBUSDT,234.41000000,0.420,235.07000000,233.12000000,159.48300000
2026-10-05 13:35:05,CVXUSDT,2.26600000,0.399,2.38400000,2.22600000,541157.05600000
2026-10-05 13:35:05,POLUSDT,0.10869000,0.388,0.11187000,0.10762000,39197313.40000000
2026-10-05 13:35:05,XAUTUSDT,4156.18000000,0.375,4168.48000000,4128.96000000,3785.98170000
2026-10-05 13:35:05,1000CHEEMSUSDT,0.00056000,0.358,0.00056400,0.00054700,659773246.00
2026-10-05 13:35:05,SHAZBUSDT,51.41000000,0.351,51.75000000,50.98000000,791.47000000
2026-10-05 13:35:05,CRWVBUSDT,89.76000000,0.347,90.74000000,89.26000000,1052.62000000
2026-10-05 13:35:05,PDDBUSDT,75.69000000,0.345,75.89000000,75.43000000,475.82000000
2026-10-05 13:35:05,SNDKBUSDT,1723.38000000,0.344,1738.19000000,1716.76000000,3649.44300000
2026-10-05 13:35:05,NBISBUSDT,242.69000000,0.335,247.60000000,241.02000000,1926.60500000
2026-10-05 13:35:05,ACHUSDT,0.00613000,0.327,0.00614000,0.00598000,65848634.00000000
2026-10-05 13:35:05,WENBUSDT,6.16000000,0.326,6.20000000,6.14000000,1673.60000000
2026-10-05 13:35:05,USDPUSDT,0.99970000,0.321,1.00040000,0.98020000,734766.00000000
2026-10-05 13:35:05,JUVUSDT,0.32600000,0.308,0.33100000,0.32100000,793568.95000000
2026-10-05 13:35:05,LQTYUSDT,0.23670000,0.297,0.23890000,0.23190000,339228.70000000
2026-10-05 13:35:05,SUNUSDT,0.01720000,0.292,0.01732000,0.01714000,44833475.00000000
2026-10-05 13:35:05,ORCLBUSDT,142.89000000,0.288,143.88000000,142.47000000,1351.92000000
2026-10-05 13:35:05,1INCHUSDT,0.10590000,0.284,0.10750000,0.10400000,5968292.40000000
2026-10-05 13:35:05,LINEAUSDT,0.00289100,0.277,0.00292100,0.00283500,165601755.00000000
2026-10-05 13:35:05,FLNCBUSDT,7.62000000,0.263,7.68000000,7.57000000,4412.01000000
2026-10-05 13:35:05,IRENBUSDT,41.78000000,0.240,42.47000000,41.58000000,3138.47000000
2026-10-05 13:35:05,SYNUSDT,0.18510000,0.238,0.18885000,0.18271000,6354267.40000000
2026-10-05 13:35:05,LPTUSDT,1.73400000,0.231,1.76000000,1.69200000,310422.02000000
2026-10-05 13:35:05,LTCUSDT,70.69000000,0.227,72.30000000,69.59000000,321530.37400000
2026-10-05 13:35:05,HOTUSDT,0.00045300,0.221,0.00045800,0.00044600,159031145.00000000
2026-10-05 13:35:05,AXTIBUSDT,86.04000000,0.221,87.87000000,85.58000000,3264.27000000
2026-10-05 13:35:05,SPCXBUSDT,159.57000000,0.220,160.85000000,159.00000000,35128.80300000
2026-10-05 13:35:05,TRXUSDT,0.33640000,0.209,0.33700000,0.33500000,53306003.10000000
2026-10-05 13:35:05,BNTUSDT,0.34720000,0.202,0.35010000,0.34250000,211063.20000000
2026-10-05 13:35:05,EGLDUSDT,4.58200000,0.175,4.63000000,4.45200000,72951.39000000
2026-10-05 13:35:05,BLZUSDT,0.05820000,0.172,0.06200000,0.05600000,15047472.00000000
2026-10-05 13:35:05,HEMIUSDT,0.00598000,0.168,0.00603000,0.00587000,141972561.40000000
2026-10-05 13:35:05,LINKUPUSDT,0.00608000,0.165,0.00619000,0.00597000,27401275.94000000
2026-10-05 13:35:05,MUBUSDT,1070.44000000,0.159,1081.19000000,1066.01000000,1440.41200000
2026-10-05 13:35:05,NVDABUSDT,235.05000000,0.145,236.40000000,234.56000000,11625.17800000
2026-10-05 13:35:05,FRAXUSDT,0.29980000,0.134,0.30410000,0.29350000,530919.20000000
2026-10-05 13:35:05,TAOUSDT,303.20000000,0.132,308.20000000,295.90000000,79333.65790000
2026-10-05 13:35:05,LAYERUSDT,0.07800000,0.128,0.07970000,0.07690000,4111492.47000000
2026-10-05 13:35:05,MANTAUSDT,0.07136000,0.126,0.07214000,0.06986000,3458079.10000000
2026-10-05 13:35:05,IOUSDT,0.17300000,0.116,0.18340000,0.16870000,15122149.96000000
2026-10-05 13:35:05,DELLBUSDT,562.93000000,0.116,570.79000000,560.83000000,221.70800000
2026-10-05 13:35:05,DEXEUSDT,1.88800000,0.106,1.91000000,1.86800000,681268.49000000
2026-10-05 13:35:05,KAVAUSDT,0.06864000,0.102,0.06909000,0.06825000,4997264.30000000
2026-10-05 13:35:05,1000CATUSDT,0.00229200,0.087,0.00232700,0.00225800,59509545.80000000
2026-10-05 13:35:05,MSTRBUSDT,164.39000000,0.067,166.37000000,161.68000000,53551.13200000
2026-10-05 13:35:05,LUNCUSDT,0.00005293,0.057,0.00005345,0.00005227,21436476792.64000000
2026-10-05 13:35:05,IMXUSDT,0.18500000,0.054,0.18900000,0.17970000,2600410.62000000
2026-10-05 13:35:05,SUSHIUSDT,0.25600000,0.039,0.25930000,0.24930000,1866426.30000000
2026-10-05 13:35:05,TVKUSDT,0.05405000,0.037,0.05468000,0.05180000,18996930.00000000
2026-10-05 13:35:05,FORMUSDT,0.28340000,0.035,0.28840000,0.27880000,2811320.40000000
2026-10-05 13:35:05,HIMSBUSDT,29.01000000,0.034,29.26000000,29.00000000,768.71000000
2026-10-05 13:35:05,USD1USDT,0.99983000,0.023,0.99999000,0.99958000,109922436.00000000
2026-10-05 13:35:05,TWTUSDT,0.57260000,0.017,0.57900000,0.56600000,463298.00000000
2026-10-05 13:35:05,AEURUSDT,1.14430000,0.017,1.14570000,1.11210000,72502.30000000
2026-10-05 13:35:05,USDEUSDT,1.00000000,0.010,1.00020000,0.99980000,1004351.00000000
2026-10-05 13:35:05,USDCUSDT,1.00014000,0.002,1.00038000,1.00007000,2102497224.00000000
2026-10-05 13:35:05,BCCUSDT,0.00000000,0,0.00000000,0.00000000,0.00000000
2026-10-05 13:35:05,VENUSDT,0.00000000,0,0.00000000,0.00000000,0.00000000
2026-10-05 13:35:05,PAXUSDT,0.00000000,0,0.00000000,0.00000000,0.00000000
2026-10-05 13:35:05,BCHABCUSDT,0.00000000,0,0.00000000,0.00000000,0.00000000
2026-10-05 13:35:05,BCHSVUSDT,0.00000000,0,0.00000000,0.00000000,0.00000000
2026-10-05 13:35:05,BTTUSDT,0.00000000,0,0.00000000,0.00000000,0.00000000
2026-10-05 13:35:05,USDSOLDUSDT,0.00000000,0,0.00000000,0.00000000,0.00000000
2026-10-05 13:35:05,NANOUSDT,0.00000000,0,0.00000000,0.00000000,0.00000000
2026-10-05 13:35:05,USDSBUSDT,0.00000000,0,0.00000000,0.00000000,0.00000000
2026-10-05 13:35:05,ERDUSDT,0.00000000,0,0.00000000,0.00000000,0.00000000
2026-10-05 13:35:05,ANKRUSDT,0.00495000,0.000,0.00499000,0.00488000,44450310.90000000
2026-10-05 13:35:05,NPXSUSDT,0.00000000,0,0.00000000,0.00000000,0.00000000
2026-10-05 13:35:05,STORMUSDT,0.00000000,0,0.00000000,0.00000000,0.00000000
2026-10-05 13:35:05,HCUSDT,0.00000000,0,0.00000000,0.00000000,0.00000000
2026-10-05 13:35:05,MCOUSDT,0.00000000,0,0.00000000,0.00000000,0.00000000
2026-10-05 13:35:05,BULLUSDT,0.00000000,0,0.00000000,0.00000000,0.00000000
2026-10-05 13:35:05,BEARUSDT,0.00000000,0,0.00000000,0.00000000,0.00000000
2026-10-05 13:35:05,ETHBULLUSDT,0.00000000,0,0.00000000,0.00000000,0.00000000
2026-10-05 13:35:05,ETHBEARUSDT,0.00000000,0,0.00000000,0.00000000,0.00000000
2026-10-05 13:35:05,EOSBULLUSDT,0.00000000,0,0.00000000,0.00000000,0.00000000
2026-10-05 13:35:05,EOSBEARUSDT,0.00000000,0,0.00000000,0.00000000,0.00000000
2026-10-05 13:35:05,XRPBULLUSDT,0.00000000,0,0.00000000,0.00000000,0.00000000
2026-10-05 13:35:05,XRPBEARUSDT,0.00000000,0,0.00000000,0.00000000,0.00000000
2026-10-05 13:35:05,STRATUSDT,0.00000000,0,0.00000000,0.00000000,0.00000000
2026-10-05 13:35:05,BNBBULLUSDT,0.00000000,0,0.00000000,0.00000000,0.00000000
2026-10-05 13:35:05,BNBBEARUSDT,0.00000000,0,0.00000000,0.00000000,0.00000000
2026-10-05 13:35:05,XZCUSDT,0.00000000,0,0.00000000,0.00000000,0.00000000
2026-10-05 13:35:05,GXSUSDT,0.00000000,0,0.00000000,0.00000000,0.00000000
2026-10-05 13:35:05,LENDUSDT,0.00000000,0,0.00000000,0.00000000,0.00000000
2026-10-05 13:35:05,BKRWUSDT,0.00000000,0,0.00000000,0.00000000,0.00000000
2026-10-05 13:35:05,DAIUSDT,0.00000000,0,0.00000000,0.00000000,0.00000000
2026-10-05 13:35:05,XTZUPUSDT,0.00000000,0,0.00000000,0.00000000,0.00000000
2026-10-05 13:35:05,XTZDOWNUSDT,0.00000000,0,0.00000000,0.00000000,0.00000000
2026-10-05 13:35:05,LUNAUSDT,0.05120000,0.000,0.05170000,0.05050000,9723461.32000000
2026-10-05 13:35:05,BZRXUSDT,0.00000000,0,0.00000000,0.00000000,0.00000000
2026-10-05 13:35:05,EOSUPUSDT,0.00000000,0,0.00000000,0.00000000,0.00000000
2026-10-05 13:35:05,EOSDOWNUSDT,0.00000000,0,0.00000000,0.00000000,0.00000000
2026-10-05 13:35:05,LTCUPUSDT,0.00000000,0,0.00000000,0.00000000,0.00000000
2026-10-05 13:35:05,LTCDOWNUSDT,0.00000000,0,0.00000000,0.00000000,0.00000000
2026-10-05 13:35:05,UNIUPUSDT,0.00000000,0,0.00000000,0.00000000,0.00000000
2026-10-05 13:35:05,UNIDOWNUSDT,0.00000000,0,0.00000000,0.00000000,0.00000000
2026-10-05 13:35:05,SXPUPUSDT,0.00000000,0,0.00000000,0.00000000,0.00000000
2026-10-05 13:35:05,SXPDOWNUSDT,0.00000000,0,0.00000000,0.00000000,0.00000000
2026-10-05 13:35:05,FILUPUSDT,0.00000000,0,0.00000000,0.00000000,0.00000000
2026-10-05 13:35:05,FILDOWNUSDT,0.00000000,0,0.00000000,0.00000000,0.00000000
2026-10-05 13:35:05,YFIUPUSDT,0.00000000,0,0.00000000,0.00000000,0.00000000
2026-10-05 13:35:05,YFIDOWNUSDT,0.00000000,0,0.00000000,0.00000000,0.00000000
2026-10-05 13:35:05,BCHUPUSDT,0.00000000,0,0.00000000,0.00000000,0.00000000
2026-10-05 13:35:05,BCHDOWNUSDT,0.00000000,0,0.00000000,0.00000000,0.00000000
2026-10-05 13:35:05,AAVEUPUSDT,0.00000000,0,0.00000000,0.00000000,0.00000000
2026-10-05 13:35:05,AAVEDOWNUSDT,0.00000000,0,0.00000000,0.00000000,0.00000000
2026-10-05 13:35:05,SUSDUSDT,0.00000000,0,0.00000000,0.00000000,0.00000000
2026-10-05 13:35:05,SUSHIUPUSDT,0.00000000,0,0.00000000,0.00000000,0.00000000
2026-10-05 13:35:05,SUSHIDOWNUSDT,0.00000000,0,0.00000000,0.00000000,0.00000000
2026-10-05 13:35:05,XLMUPUSDT,0.00000000,0,0.00000000,0.00000000,0.00000000
2026-10-05 13:35:05,XLMDOWNUSDT,0.00000000,0,0.00000000,0.00000000,0.00000000
2026-10-05 13:35:05,RAMPUSDT,0.00000000,0,0.00000000,0.00000000,0.00000000
2026-10-05 13:35:05,EPSUSDT,0.00000000,0,0.00000000,0.00000000,0.00000000
2026-10-05 13:35:05,1INCHUPUSDT,0.00000000,0,0.00000000,0.00000000,0.00000000
2026-10-05 13:35:05,1INCHDOWNUSDT,0.00000000,0,0.00000000,0.00000000,0.00000000
2026-10-05 13:35:05,BARUSDT,0.28200000,0.000,0.28400000,0.27900000,457805.68000000
2026-10-05 13:35:05,MASKUSDT,0.49200000,0.000,0.50100000,0.48200000,587287.10000000
2026-10-05 13:35:05,NUUSDT,0.00000000,0,0.00000000,0.00000000,0.00000000
2026-10-05 13:35:05,KEEPUSDT,0.00000000,0,0.00000000,0.00000000,0.00000000
2026-10-05 13:35:05,GHSTUSDT,0.10800000,0.000,0.11400000,0.10300000,1012047.00000000
2026-10-05 13:35:05,RGTUSDT,0.00000000,0,0.00000000,0.00000000,0.00000000
2026-10-05 13:35:05,CITYUSDT,0.35300000,0.000,0.35500000,0.34900000,626971.34000000
2026-10-05 13:35:05,ANYUSDT,0.00000000,0,0.00000000,0.00000000,0.00000000
2026-10-05 13:35:05,USTUSDT,0.00000000,0,0.00000000,0.00000000,0.00000000
2026-10-05 13:35:05,BTTCUSDT,0.00000038,0.000,0.00000038,0.00000037,418704907737.0
2026-10-05 13:35:05,IQUSDT,0.00090200,0.000,0.00092200,0.00089700,36251309.00000000
2026-10-05 13:35:05,NOTUSDT,0.00050300,0.000,0.00050800,0.00049200,560149761.00
2026-10-05 13:35:05,THEUSDT,0.07380000,0.000,0.07530000,0.07290000,2505674.20000000
2026-10-05 13:35:05,XUSDUSDT,1.00060000,0.000,1.00070000,1.00030000,3655297.00000000
2026-10-05 13:35:05,BFUSDUSDT,0.99990000,0.000,1.00000000,0.99990000,2158028.00000000
2026-10-05 13:35:05,UUSDT,0.99940000,0.000,0.99960000,0.99920000,13824055.00000000
2026-10-05 13:35:05,RLUSDUSDT,1.00020000,0.000,1.00050000,1.00010000,36242712.00000000
2026-10-05 13:35:05,KATUSDT,0.00484000,0.000,0.00490000,0.00473000,68307207.00000000
2026-10-05 13:35:05,QCOMBUSDT,186.67000000,-0.016,192.60000000,186.47000000,1668.46000000
2026-10-05 13:35:05,FDUSDUSDT,0.99910000,-0.020,0.99950000,0.99900000,14742856.00000000
2026-10-05 13:35:05,USDSUSDT,0.99990000,-0.020,1.00020000,0.99990000,75327.00000000
2026-10-05 13:35:05,TUSDUSDT,0.99970000,-0.030,1.01280000,0.99960000,761907.00000000
2026-10-05 13:35:05,BUSDUSDT,1.00030000,-0.030,1.00130000,1.00020000,1691539.00000000
2026-10-05 13:35:05,CELRUSDT,0.00310000,-0.032,0.00313600,0.00303600,48228618.40000000
2026-10-05 13:35:05,ONEUSDT,0.00241500,-0.041,0.00247100,0.00234300,1546175854.80000000
2026-10-05 13:35:05,DYDXUSDT,0.14744000,-0.054,0.14831000,0.14400000,4470486.12000000
2026-10-05 13:35:05,SPKUSDT,0.02463900,-0.057,0.02515400,0.02427700,52623456.00000000
2026-10-05 13:35:05,EULUSDT,1.44900000,-0.069,1.54100000,1.40000000,916906.24000000
2026-10-05 13:35:05,SMCIBUSDT,43.65000000,-0.069,44.30000000,43.57000000,1458.42000000
2026-10-05 13:35:05,ACXUSDT,0.04123000,-0.073,0.04166000,0.04101000,3472371.00000000
2026-10-05 13:35:05,BARDUSDT,0.13630000,-0.073,0.13840000,0.13420000,1373137.90000000
2026-10-05 13:35:05,UNFIUSDT,1.34100000,-0.075,1.43000000,1.31300000,287970.00000000
2026-10-05 13:35:05,MSFTBUSDT,517.41000000,-0.083,518.88000000,513.89000000,87.47700000
2026-10-05 13:35:05,AVAXUSDT,10.98900000,-0.100,11.14000000,10.82600000,2395391.66000000
2026-10-05 13:35:05,BEBUSDT,286.96000000,-0.101,292.78000000,286.40000000,449.08500000
2026-10-05 13:35:05,BIGTIMEUSDT,0.00928000,-0.108,0.00951000,0.00902000,41688609.00000000
2026-10-05 13:35:05,ASRUSDT,0.86600000,-0.115,0.88000000,0.85700000,203924.70000000
2026-10-05 13:35:05,GSBUSDT,903.69000000,-0.128,907.55000000,903.16000000,30.44430000
2026-10-05 13:35:05,INITUSDT,0.11496000,-0.148,0.12208000,0.11446000,8061990.00000000
2026-10-05 13:35:05,COMPUSDT,24.93000000,-0.160,25.63000000,24.73000000,24055.87500000
2026-10-05 13:35:05,ZMBUSDT,92.86000000,-0.161,93.81000000,92.71000000,113.97000000
2026-10-05 13:35:05,SHELLUSDT,0.02399000,-0.166,0.02420000,0.02344000,14055191.60000000
2026-10-05 13:35:05,DOGSUSDT,0.00004772,-0.167,0.00004853,0.00004721,8850681843.00
2026-10-05 13:35:05,MRVLBUSDT,273.52000000,-0.168,277.79000000,273.19000000,1535.27300000
2026-10-05 13:35:05,ASTSBUSDT,58.60000000,-0.170,59.41000000,58.58000000,1075.84000000
2026-10-05 13:35:05,DIAUSDT,0.16060000,-0.186,0.16250000,0.15900000,1324950.40000000
2026-10-05 13:35:05,BNBUSDT,787.96000000,-0.193,809.99000000,785.42000000,138900.20800000
2026-10-05 13:35:05,MANAUSDT,0.10320000,-0.193,0.10910000,0.10070000,19440908.00000000
2026-10-05 13:35:05,HPEBUSDT,69.39000000,-0.201,70.90000000,69.38000000,616.69000000
2026-10-05 13:35:05,QTUMUSDT,0.98900000,-0.202,1.00600000,0.97700000,117405.90000000
2026-10-05 13:35:05,GUSDT,0.00475000,-0.210,0.00486000,0.00475000,84296613.00000000
2026-10-05 13:35:05,NEWTUSDT,0.05095000,-0.215,0.05227000,0.05043000,5059990.60000000
2026-10-05 13:35:05,FUSDT,0.00344300,-0.232,0.00349100,0.00338300,64788126.00000000
2026-10-05 13:35:05,SOLVUSDT,0.00428000,-0.233,0.00435000,0.00413000,114528099.00000000
2026-10-05 13:35:05,AAPLBUSDT,332.74000000,-0.234,333.61000000,332.36000000,620.59100000
2026-10-05 13:35:05,CHZUSDT,0.01697000,-0.235,0.01716000,0.01657000,66054772.00000000
2026-10-05 13:35:05,TRIBEUSDT,0.20180000,-0.247,0.20850000,0.19700000,2401137.00000000
2026-10-05 13:35:05,CHRUSDT,0.02307000,-0.259,0.02481000,0.02292000,25311380.00000000
2026-10-05 13:35:05,TRXDOWNUSDT,1.13900000,-0.263,1.21200000,1.10700000,160536.28000000
2026-10-05 13:35:05,COHRBUSDT,335.80000000,-0.273,343.17000000,335.19000000,594.79000000
2026-10-05 13:35:05,KNCUSDT,0.14160000,-0.282,0.14430000,0.14040000,1163228.90000000
2026-10-05 13:35:05,MATICUSDT,0.37940000,-0.289,0.38060000,0.37740000,2834467.30000000
2026-10-05 13:35:05,SPELLUSDT,0.00009810,-0.305,0.00009920,0.00009710,1405704425.00000000
2026-10-05 13:35:05,EURUSDT,1.12090000,-0.311,1.12610000,1.11660000,10691898.70000000
2026-10-05 13:35:05,EWYBUSDT,190.67000000,-0.319,192.52000000,190.54000000,923.89600000
2026-10-05 13:35:05,EURIUSDT,1.12070000,-0.320,1.12580000,1.11630000,511021.70000000
2026-10-05 13:35:05,ZBTUSDT,0.08670000,-0.345,0.08760000,0.08530000,4143172.80000000
2026-10-05 13:35:05,GOOGLBUSDT,342.88000000,-0.349,345.00000000,342.39000000,1444.27100000
2026-10-05 13:35:05,MBLUSDT,0.00081400,-0.367,0.00084000,0.00080900,272165135.00000000
2026-10-05 13:35:05,AGIXUSDT,0.61410000,-0.373,0.62480000,0.61190000,1275587.00000000
2026-10-05 13:35:05,ANTUSDT,7.40700000,-0.377,7.58900000,7.16200000,74121.70000000
2026-10-05 13:35:05,SANTOSUSDT,0.52100000,-0.382,0.52600000,0.51400000,221360.75000000
2026-10-05 13:35:05,SPYBUSDT,768.08000000,-0.388,771.58000000,768.05000000,385.50700000
2026-10-05 13:35:05,MVLLBUSDT,38.23000000,-0.391,39.43000000,38.19000000,5930.35000000
2026-10-05 13:35:05,PUNDIXUSDT,0.12280000,-0.406,0.12380000,0.12070000,1155198.30000000
2026-10-05 13:35:05,AUDIOUSDT,0.01684000,-0.414,0.01720000,0.01651000,32110727.50000000
2026-10-05 13:35:05,PLTRBUSDT,188.78000000,-0.427,189.95000000,188.19000000,505.90600000
2026-10-05 13:35:05,QNTBUSDT,46.39000000,-0.429,46.87000000,46.12000000,387.46000000
2026-10-05 13:35:05,XPLUSDT,0.09489000,-0.430,0.09772000,0.09351000,69457808.30000000
2026-10-05 13:35:05,DUSDT,0.00461000,-0.432,0.00487000,0.00442000,74240630.00000000
2026-10-05 13:35:05,OGNUSDT,0.02061000,-0.435,0.02086000,0.02034000,4691133.00000000
2026-10-05 13:35:05,USARBUSDT,13.65000000,-0.438,13.83000000,13.64000000,6400.15000000
2026-10-05 13:35:05,BCHUSDT,316.20000000,-0.441,321.90000000,315.50000000,22448.90000000
2026-10-05 13:35:05,IBMBUSDT,222.64000000,-0.447,223.87000000,222.13000000,269.28700000
2026-10-05 13:35:05,KGSTUSDT,0.01130400,-0.458,0.01141900,0.01128600,7973693.00000000
2026-10-05 13:35:05,VTHOUSDT,0.00064900,-0.460,0.00066500,0.00062900,665373222.00000000
2026-10-05 13:35:05,TSLABUSDT,369.70000000,-0.463,374.32000000,369.70000000,3737.43600000
2026-10-05 13:35:05,CTXCUSDT,0.06340000,-0.471,0.06660000,0.05900000,4315072.00000000
2026-10-05 13:35:05,NFLXBUSDT,67.32000000,-0.473,67.82000000,67.07000000,799.64000000
2026-10-05 13:35:05,CAKEUSDT,2.49900000,-0.478,2.55600000,2.47900000,1147601.24000000
2026-10-05 13:35:05,BATUSDT,0.10390000,-0.479,0.10950000,0.10170000,25654912.00000000
2026-10-05 13:35:05,AIUSDT,0.02040000,-0.488,0.02080000,0.01970000,26130975.90000000
2026-10-05 13:35:05,BNCBUSDT,6.10000000,-0.489,6.28000000,6.05000000,217419.10000000
2026-10-05 13:35:05,SOLUSDT,120.62000000,-0.495,122.29000000,120.00000000,1560562.43500000
2026-10-05 13:35:05,TKOUSDT,0.06000000,-0.498,0.06090000,0.05930000,2260961.10000000
2026-10-05 13:35:05,TNSRUSDT,0.03930000,-0.506,0.03980000,0.03870000,7056395.30000000
2026-10-05 13:35:05,AAOIBUSDT,116.02000000,-0.514,118.30000000,115.75000000,3557.10400000
2026-10-05 13:35:05,HMSTRUSDT,0.00017200,-0.521,0.00017400,0.00016980,1616817232.00
2026-10-05 13:35:05,ARDRUSDT,0.02096000,-0.522,0.02279000,0.01929000,11927697.00000000
2026-10-05 13:35:05,ARPAUSDT,0.01131000,-0.528,0.01140000,0.01114000,15486459.40000000
2026-10-05 13:35:05,METABUSDT,725.56000000,-0.537,730.48000000,725.51000000,179.79900000
2026-10-05 13:35:05,INJUSDT,7.53200000,-0.541,7.71000000,7.36000000,1005301.42000000
2026-10-05 13:35:05,AVGOBUSDT,354.67000000,-0.547,360.56000000,354.67000000,1263.58100000
2026-10-05 13:35:05,BANANAUSDT,3.99600000,-0.548,4.04000000,3.95400000,35247.33200000
2026-10-05 13:35:05,MOVEUSDT,0.01008500,-0.562,0.01037700,0.01004800,35340580.60000000
2026-10-05 13:35:05,RKLBBUSDT,73.89000000,-0.565,75.47000000,73.83000000,1725.39000000
2026-10-05 13:35:05,MRNABUSDT,188.95000000,-0.568,192.40000000,188.20000000,582.47700000
2026-10-05 13:35:05,QQQBUSDT,747.68000000,-0.569,753.43000000,747.54000000,1823.54400000
2026-10-05 13:35:05,LITEBUSDT,1087.83000000,-0.570,1111.89000000,1087.83000000,543.01200000
2026-10-05 13:35:05,UNIUSDT,9.00600000,-0.574,9.24400000,8.95600000,3228532.89000000
2026-10-05 13:35:05,KORUBUSDT,22.49000000,-0.575,23.19000000,22.45000000,36595.88000000
2026-10-05 13:35:05,KSMUSDT,5.18000000,-0.576,5.38000000,5.13000000,98530.46800000
2026-10-05 13:35:05,BNSOLUSDT,136.60000000,-0.582,138.50000000,136.00000000,2623.14500000
2026-10-05 13:35:05,AMDBUSDT,629.66000000,-0.583,642.87000000,628.75000000,721.92800000
2026-10-05 13:35:05,IOSTUSDT,0.00085100,-0.584,0.00086200,0.00084000,304130759.00000000
2026-10-05 13:35:05,GBPUSDT,1.18000000,-0.590,1.20800000,1.16200000,180121.00000000
2026-10-05 13:35:05,ANIMEUSDT,0.00337000,-0.590,0.00341000,0.00331000,28354567.90000000
2026-10-05 13:35:05,NXPCUSDT,0.23580000,-0.590,0.23930000,0.23260000,640946.00000000
2026-10-05 13:35:05,GMEBUSDT,25.00000000,-0.596,25.51000000,24.83000000,6363.18000000
2026-10-05 13:35:05,RIFUSDT,0.08230000,-0.604,0.08320000,0.08120000,1095951.00000000
2026-10-05 13:35:05,HOLOUSDT,0.06580000,-0.604,0.06710000,0.06510000,2678602.20000000
2026-10-05 13:35:05,AUCTIONUSDT,3.75600000,-0.609,3.80500000,3.69500000,60130.74000000
2026-10-05 13:35:05,AMZNBUSDT,250.71000000,-0.611,252.86000000,250.61000000,738.98800000
2026-10-05 13:35:05,CTSIUSDT,0.03000000,-0.629,0.03039000,0.02937000,9029779.00000000
2026-10-05 13:35:05,SKLUSDT,0.00466000,-0.640,0.00480000,0.00461000,88201170.00000000
2026-10-05 13:35:05,SAPIENUSDT,0.07600000,-0.654,0.07670000,0.07450000,2146058.50000000
2026-10-05 13:35:05,EOSUSDT,0.77990000,-0.662,0.79960000,0.76800000,1180284.80000000
2026-10-05 13:35:05,ALABBUSDT,350.91000000,-0.665,359.65000000,350.63000000,108.07000000
2026-10-05 13:35:05,TURTLEUSDT,0.04380000,-0.680,0.04500000,0.04280000,3268828.50000000
2026-10-05 13:35:05,ALGOUSDT,0.13040000,-0.685,0.13420000,0.12960000,34678669.00000000
2026-10-05 13:35:05,WCTUSDT,0.04288000,-0.695,0.04562000,0.04213000,11463981.80000000
2026-10-05 13:35:05,ETHUPUSDT,11.65100000,-0.724,11.83100000,9.02900000,39682.04000000
2026-10-05 13:35:05,C98USDT,0.01614000,-0.738,0.01636000,0.01582000,21822113.70000000
2026-10-05 13:35:05,MITOUSDT,0.01586000,-0.751,0.01611000,0.01562000,32693233.60000000
2026-10-05 13:35:05,GPROBUSDT,1.32000000,-0.752,1.34000000,1.30000000,35721.00000000
2026-10-05 13:35:05,NOKBUSDT,10.52000000,-0.755,10.73000000,10.51000000,8812.58000000
2026-10-05 13:35:05,ALLOUSDT,0.26250000,-0.756,0.27110000,0.26060000,1712942.50000000
2026-10-05 13:35:05,FTMUSDT,0.69940000,-0.766,0.71110000,0.69000000,1858967.00000000
2026-10-05 13:35:05,OMGUSDT,0.38300000,-0.777,0.38700000,0.37000000,1799285.00000000
2026-10-05 13:35:05,SIGNUSDT,0.01272000,-0.780,0.01306000,0.01251000,26298135.00000000
2026-10-05 13:35:05,ETHDOWNUSDT,0.04570000,-0.782,0.04670000,0.04520000,4099541.97000000
2026-10-05 13:35:05,STRAXUSDT,0.01137000,-0.785,0.01162000,0.01135000,13236576.00000000
2026-10-05 13:35:05,SMHBUSDT,628.55000000,-0.811,638.05000000,628.32000000,58.74200000
2026-10-05 13:35:05,ARMBUSDT,305.71000000,-0.818,315.11000000,305.59000000,632.65800000
2026-10-05 13:35:05,RPLUSDT,1.92900000,-0.823,1.95000000,1.89700000,31726.86000000
2026-10-05 13:35:05,REPUSDT,4.73000000,-0.839,4.93000000,4.45000000,99565.06000000
2026-10-05 13:35:05,GLWBUSDT,163.40000000,-0.843,167.20000000,163.40000000,904.97200000
2026-10-05 13:35:05,MFTUSDT,0.00525400,-0.849,0.00540700,0.00509100,142038277.00000000
2026-10-05 13:35:05,PSGUSDT,0.46100000,-0.860,0.46700000,0.45800000,516774.90000000
2026-10-05 13:35:05,QNTUSDT,255.86000000,-0.899,261.34000000,241.31000000,186187.59400000
2026-10-05 13:35:05,JASMYUSDT,0.00537000,-0.923,0.00550000,0.00532000,138622119.10000000
2026-10-05 13:35:05,QIUSDT,0.00289000,-0.926,0.00321700,0.00281700,336302854.00000000
2026-10-05 13:35:05,SENTUSDT,0.02355000,-0.926,0.02502000,0.02291000,145474650.00000000
2026-10-05 13:35:05,NMRUSDT,11.76000000,-0.927,12.49000000,11.51000000,260802.93000000
2026-10-05 13:35:05,STEEMUSDT,0.06262000,-0.949,0.06422000,0.06218000,4452567.90000000
2026-10-05 13:35:05,AEVOUSDT,0.02648000,-0.972,0.02704000,0.02594000,4897637.71000000
2026-10-05 13:35:05,SKHYBUSDT,193.81000000,-1.001,196.44000000,193.77000000,16095.50500000
2026-10-05 13:35:05,CRWDBUSDT,269.88000000,-1.020,273.50000000,269.65000000,48.27100000
2026-10-05 13:35:05,WLDUSDT,0.57490000,-1.033,0.59060000,0.56400000,69075554.50000000
2026-10-05 13:35:05,BANKUSDT,0.02860000,-1.038,0.02940000,0.02810000,41169240.80000000
2026-10-05 13:35:05,BTCDOWNUSDT,0.00118500,-1.044,0.00121600,0.00116700,132744672.74000000
2026-10-05 13:35:05,TUSDT,0.00547000,-1.085,0.00557000,0.00541000,37585325.10000000
2026-10-05 13:35:05,AEROUSDT,0.85240000,-1.125,0.89060000,0.84310000,8049212.40000000
2026-10-05 13:35:05,AAVEUSDT,179.22000000,-1.142,182.50000000,177.29000000,112399.66900000
2026-10-05 13:35:05,HUMAUSDT,0.03493000,-1.160,0.03649000,0.03351000,55930298.00000000
2026-10-05 13:35:05,SCUSDT,0.00101800,-1.165,0.00105400,0.00100000,450586018.00000000
2026-10-05 13:35:05,ICPUSDT,3.30900000,-1.165,3.46000000,3.23800000,2672921.67000000
2026-10-05 13:35:05,POWRUSDT,0.06760000,-1.170,0.06960000,0.06700000,2104574.00000000
2026-10-05 13:35:05,A2ZUSDT,0.00008400,-1.176,0.00008800,0.00007200,2943863041.00000000
2026-10-05 13:35:05,IOTAUSDT,0.05870000,-1.178,0.06350000,0.05790000,76838792.00000000
2026-10-05 13:35:05,OCEANUSDT,0.61230000,-1.194,0.62190000,0.61030000,646661.00000000
2026-10-05 13:35:05,PYPLBUSDT,52.58000000,-1.221,53.26000000,52.36000000,254.55000000
2026-10-05 13:35:05,OGUSDT,2.81400000,-1.229,2.84900000,2.78500000,112134.40000000
2026-10-05 13:35:05,MEUSDT,0.07631000,-1.255,0.07816000,0.07573000,3586267.60000000
2026-10-05 13:35:05,PROMUSDT,6.15500000,-1.283,6.32300000,6.01700000,97621.44000000
2026-10-05 13:35:05,AMATBUSDT,535.42000000,-1.291,549.42000000,534.80000000,174.32800000
2026-10-05 13:35:05,ROSEUSDT,0.00838000,-1.296,0.00860000,0.00830000,46371928.70000000
2026-10-05 13:35:05,2ZUSDT,0.04496000,-1.317,0.04590000,0.04426000,50068855.00000000
2026-10-05 13:35:05,USTCUSDT,0.00580000,-1.361,0.00591000,0.00577000,30195589.00000000
2026-10-05 13:35:05,ZKUSDT,0.01286000,-1.380,0.01336000,0.01278000,127531989.40000000
2026-10-05 13:35:05,ASMLBUSDT,1840.15000000,-1.394,1888.02000000,1839.32000000,22.56690000
2026-10-05 13:35:05,AMCBUSDT,2.76000000,-1.429,2.81000000,2.75000000,26911.80000000
2026-10-05 13:35:05,CTKUSDT,0.12950000,-1.446,0.13340000,0.12770000,879311.80000000
2026-10-05 13:35:05,API3USDT,0.29270000,-1.481,0.30210000,0.28780000,2757414.10000000
2026-10-05 13:35:05,ZECUSDT,1311.20000000,-1.482,1368.09000000,1302.62000000,87865.41300000
2026-10-05 13:35:05,RUNEUSDT,0.78000000,-1.515,0.81400000,0.77700000,7568175.70000000
2026-10-05 13:35:05,SNXUSDT,0.25230000,-1.522,0.25820000,0.25020000,1428281.40000000
2026-10-05 13:35:05,KMNOUSDT,0.03937000,-1.600,0.04095000,0.03930000,17074699.00000000
2026-10-05 13:35:05,BETHUSDT,1556.27000000,-1.626,1593.23000000,1540.53000000,547.01580000
2026-10-05 13:35:05,XVSUSDT,3.41100000,-1.644,3.47200000,3.38000000,50018.10000000
2026-10-05 13:35:05,REDUSDT,0.17190000,-1.659,0.18110000,0.17030000,2650201.70000000
2026-10-05 13:35:05,TQQQBUSDT,80.30000000,-1.690,82.23000000,80.23000000,4542.37000000
2026-10-05 13:35:05,TLMUSDT,0.00156500,-1.696,0.00161400,0.00154900,275274370.00000000
2026-10-05 13:35:05,牛来USDT,0.08169000,-1.709,0.08439000,0.07800000,70407128.00000000
2026-10-05 13:35:05,ALTUSDT,0.00789000,-1.743,0.00809000,0.00770000,42436791.00000000
2026-10-05 13:35:05,MANTRAUSDT,0.00451000,-1.743,0.00463000,0.00449000,64282817.00000000
2026-10-05 13:35:05,VELODROMEUSDT,0.03712000,-1.747,0.03878000,0.03694000,24753043.20000000
2026-10-05 13:35:05,SXTUSDT,0.00948000,-1.762,0.00976000,0.00923000,33520800.90000000
2026-10-05 13:35:05,ATUSDT,0.12780000,-1.768,0.14300000,0.12340000,30518613.80000000
2026-10-05 13:35:05,SYRUPUSDT,0.25390000,-1.779,0.26620000,0.25000000,6912342.00000000
2026-10-05 13:35:05,YGGUSDT,0.02785000,-1.798,0.02926000,0.02731000,26771468.20000000
2026-10-05 13:35:05,STGUSDT,0.16870000,-1.804,0.17620000,0.16390000,2223729.50000000
2026-10-05 13:35:05,AGLDUSDT,0.21000000,-1.823,0.21510000,0.20680000,689510.50000000
2026-10-05 13:35:05,BTGUSDT,17.65000000,-1.835,19.00000000,17.59000000,40036.54000000
2026-10-05 13:35:05,DYMUSDT,0.01956000,-1.856,0.02067000,0.01938000,38634189.70000000
2026-10-05 13:35:05,SOMIUSDT,0.21170000,-1.900,0.21860000,0.21030000,1355888.80000000
2026-10-05 13:35:05,ZROUSDT,1.95500000,-1.907,2.03600000,1.89600000,8333996.12000000
2026-10-05 13:35:05,TREEUSDT,0.04630000,-1.907,0.04870000,0.04580000,8925429.70000000
2026-10-05 13:35:05,TOWNSUSDT,0.00225300,-1.916,0.00233700,0.00215800,401894889.00000000
2026-10-05 13:35:05,WOOUSDT,0.01351000,-1.959,0.01385000,0.01338000,5765884.00000000
2026-10-05 13:35:05,SFPUSDT,0.29970000,-1.995,0.30650000,0.29590000,304538.00000000
2026-10-05 13:35:05,STMXUSDT,0.00456500,-1.997,0.00476700,0.00436800,62904741.00000000
2026-10-05 13:35:05,AERGOUSDT,0.06350000,-2.006,0.06600000,0.06210000,1511928.00000000
2026-10-05 13:35:05,LOOMUSDT,0.04831000,-2.028,0.05000000,0.04795000,12058322.00000000
2026-10-05 13:35:05,AVAUSDT,0.25490000,-2.037,0.26580000,0.25080000,3550787.10000000
2026-10-05 13:35:05,DOTUPUSDT,0.09600000,-2.041,0.10030000,0.09290000,2132641.66000000
2026-10-05 13:35:05,DGBUSDT,0.00428000,-2.059,0.00440000,0.00424000,17096776.10000000
2026-10-05 13:35:05,WAXPUSDT,0.00617000,-2.063,0.00633000,0.00611000,30805993.00000000
2026-10-05 13:35:05,POLSUSDT,0.30790000,-2.161,0.31910000,0.30500000,917240.70000000
2026-10-05 13:35:05,SUPERUSDT,0.24270000,-2.216,0.25210000,0.24060000,5900924.00000000
2026-10-05 13:35:05,SOXLBUSDT,160.39000000,-2.231,169.84000000,160.27000000,16340.22200000
2026-10-05 13:35:05,METUSDT,0.29640000,-2.243,0.30430000,0.29420000,4165523.70000000
2026-10-05 13:35:05,YBUSDT,0.08700000,-2.247,0.08930000,0.08570000,1407441.20000000
2026-10-05 13:35:05,LISTAUSDT,0.08580000,-2.278,0.08900000,0.08440000,2211631.10000000
2026-10-05 13:35:05,ARKUSDT,0.22010000,-2.308,0.23110000,0.21490000,5376915.00000000
2026-10-05 13:35:05,MORPHOUSDT,2.68500000,-2.435,2.77400000,2.66800000,705707.82000000
2026-10-05 13:35:05,DOTDOWNUSDT,16.73700000,-2.437,17.42000000,16.00000000,10609.63000000
2026-10-05 13:35:05,FIDAUSDT,0.02155000,-2.445,0.02329000,0.02126000,95664976.40000000
2026-10-05 13:35:05,ASTRUSDT,0.00754900,-2.493,0.00781500,0.00751600,57016926.50000000
2026-10-05 13:35:05,GMTUSDT,0.00895000,-2.505,0.00968000,0.00884000,144595166.50000000
2026-10-05 13:35:05,FLOWUSDT,0.03189000,-2.507,0.03276000,0.03143000,23309919.03000000
2026-10-05 13:35:05,WANUSDT,0.05430000,-2.513,0.05800000,0.05395000,2945926.00000000
2026-10-05 13:35:05,FISUSDT,0.01910000,-2.551,0.02190000,0.01760000,10613884.00000000
2026-10-05 13:35:05,SANDUSDT,0.07274000,-2.559,0.08081000,0.07042000,300202217.00000000
2026-10-05 13:35:05,GLMRUSDT,0.01201800,-2.625,0.01251100,0.01093000,374512023.80000000
2026-10-05 13:35:05,GALAUSDT,0.00252000,-2.628,0.00259100,0.00246600,1310773176.00000000
2026-10-05 13:35:05,MARSCOINUSDT,0.10960000,-2.664,0.11500000,0.10520000,77607403.50000000
2026-10-05 13:35:05,RAYUSDT,2.04660000,-2.677,2.16000000,2.04000000,2449329.40000000
2026-10-05 13:35:05,XVGUSDT,0.00314200,-2.755,0.00323200,0.00308400,87575351.00000000
2026-10-05 13:35:05,RAREUSDT,0.01696000,-2.808,0.01775000,0.01653000,29975838.90000000
2026-10-05 13:35:05,MLNUSDT,1.70000000,-2.857,1.99000000,1.56000000,48933.24700000
2026-10-05 13:35:05,ATMUSDT,1.03900000,-2.897,1.07300000,1.03100000,546988.88000000
2026-10-05 13:35:05,ZRXUSDT,0.12690000,-2.907,0.13300000,0.12510000,4983477.00000000
2026-10-05 13:35:05,ALPHAUSDT,0.00970000,-3.000,0.01030000,0.00920000,42436198.00000000
2026-10-05 13:35:05,KEYUSDT,0.00125300,-3.019,0.00138900,0.00105300,97136470.00000000
2026-10-05 13:35:05,SLPUSDT,0.00069600,-3.064,0.00073400,0.00069000,690559167.00000000
2026-10-05 13:35:05,SNTUSDT,0.02720000,-3.134,0.03000000,0.02522000,12387737.00000000
2026-10-05 13:35:05,BLURUSDT,0.02114000,-3.249,0.02249000,0.02111000,13218580.20000000
2026-10-05 13:35:05,CBRSBUSDT,176.53000000,-3.271,186.15000000,174.62000000,10638.31400000
2026-10-05 13:35:05,VOXELUSDT,0.01400000,-3.448,0.01470000,0.01300000,11872226.60000000
2026-10-05 13:35:05,INTCBUSDT,114.62000000,-3.559,119.22000000,114.22000000,15911.69800000
2026-10-05 13:35:05,GUNUSDT,0.00325000,-3.561,0.00346000,0.00312000,388422736.00000000
2026-10-05 13:35:05,AWEUSDT,0.06793000,-3.563,0.07199000,0.06599000,5020971.00000000
2026-10-05 13:35:05,CYPHBUSDT,2.91000000,-3.642,3.23000000,2.88000000,138016.00000000
2026-10-05 13:35:05,BALUSDT,0.96700000,-3.685,1.00400000,0.92100000,239235.66000000
2026-10-05 13:35:05,RONINUSDT,0.06690000,-3.879,0.07080000,0.06640000,8032207.62000000
2026-10-05 13:35:05,KP3RUSDT,16.48000000,-3.907,17.26000000,15.88000000,22226.50000000
2026-10-05 13:35:05,TORNUSDT,4.06000000,-4.019,4.44000000,4.00000000,115850.15000000
2026-10-05 13:35:05,YFIUSDT,2552.00000000,-4.024,2673.00000000,2550.00000000,241.26848000
2026-10-05 13:35:05,PIXELUSDT,0.00620000,-4.025,0.00654000,0.00613000,115287492.80000000
2026-10-05 13:35:05,FIOUSDT,0.00094000,-4.082,0.00113000,0.00081000,209803663.00000000
2026-10-05 13:35:05,LRCUSDT,0.01879000,-4.230,0.01999000,0.01830000,10099054.00000000
2026-10-05 13:35:05,ILVUSDT,4.06000000,-4.471,4.40000000,3.98000000,190460.05800000
2026-10-05 13:35:05,MDTUSDT,0.00403000,-4.502,0.00490000,0.00367000,33085852.70000000
2026-10-05 13:35:05,NBTUSDT,0.00252000,-4.545,0.00276000,0.00216000,80951403.00000000
2026-10-05 13:35:05,AXSUSDT,1.30900000,-4.592,1.41000000,1.29900000,6023691.05000000
2026-10-05 13:35:05,RDNTUSDT,0.00328000,-4.651,0.00353000,0.00321000,34085085.00000000
2026-10-05 13:35:05,FXSUSDT,0.81200000,-4.807,0.85500000,0.81100000,558461.20000000
2026-10-05 13:35:05,WRXUSDT,0.01730000,-4.945,0.01830000,0.01440000,25499366.40000000
2026-10-05 13:35:05,UTKUSDT,0.00795000,-5.018,0.00855000,0.00722000,45433570.00000000
2026-10-05 13:35:05,KITEUSDT,0.14360000,-5.026,0.15120000,0.14230000,9149874.60000000
2026-10-05 13:35:05,OXTUSDT,0.00940000,-5.051,0.01130000,0.00920000,22260733.00000000
2026-10-05 13:35:05,OMUSDT,0.06690000,-5.106,0.07240000,0.06600000,8174967.20000000
2026-10-05 13:35:05,BTCSTUSDT,5.35000000,-5.142,5.70000000,5.17000000,121233.48000000
2026-10-05 13:35:05,MITHUSDT,0.00345000,-5.220,0.00367000,0.00320000,121888803.70000000
2026-10-05 13:35:05,ALPACAUSDT,0.22440000,-5.396,0.25480000,0.21400000,1179708.90000000
2026-10-05 13:35:05,ALCXUSDT,1.91000000,-5.446,2.39000000,1.80000000,142785.03270000
2026-10-05 13:35:05,SRMUSDT,0.24442000,-5.461,0.26478000,0.23855000,1875814.00000000
2026-10-05 13:35:05,ZAMAUSDT,0.08263000,-5.533,0.08814000,0.08198000,45495245.00000000
2026-10-05 13:35:05,AUDUSDT,0.72520000,-5.745,0.77200000,0.72000000,607479.00000000
2026-10-05 13:35:05,ASTUSDT,0.02610000,-5.776,0.02840000,0.02580000,3856728.00000000
2026-10-05 13:35:05,PDAUSDT,0.00977000,-5.786,0.01180000,0.00850000,52449576.30000000
2026-10-05 13:35:05,DNTUSDT,0.03600000,-6.005,0.04040000,0.03530000,20611766.00000000
2026-10-05 13:35:05,MOBUSDT,0.06230000,-6.033,0.06760000,0.06150000,5434478.18000000
2026-10-05 13:35:05,IRISUSDT,0.00521000,-6.463,0.00625000,0.00500000,67787369.10000000
2026-10-05 13:35:05,NIGHTUSDT,0.04672000,-6.466,0.05017000,0.04346000,154356343.00000000
2026-10-05 13:35:05,DOCKUSDT,0.00390000,-6.475,0.00437000,0.00374000,116266154.00000000
2026-10-05 13:35:05,OMNIUSDT,3.88000000,-6.506,4.17000000,3.82000000,281147.77000000
2026-10-05 13:35:05,TCTUSDT,0.00312000,-6.587,0.00346000,0.00310000,152215525.00000000
2026-10-05 13:35:05,XRPUPUSDT,0.08550000,-6.964,0.09360000,0.08550000,2393082.85000000
2026-10-05 13:35:05,INTWBUSDT,28.39000000,-7.009,30.75000000,28.22000000,11737.48000000
2026-10-05 13:35:05,STORJUSDT,0.02980000,-7.165,0.04050000,0.02760000,27576366.00000000
2026-10-05 13:35:05,NULSUSDT,0.02580000,-7.194,0.02890000,0.02270000,6282246.00000000
2026-10-05 13:35:05,MIRUSDT,0.14168000,-7.387,0.15401000,0.14116000,3601038.70000000
2026-10-05 13:35:05,BADGERUSDT,0.76200000,-7.412,0.83400000,0.74000000,232079.55000000
2026-10-05 13:35:05,AUTOUSDT,95.30000000,-7.476,105.00000000,95.10000000,5659.44200000
2026-10-05 13:35:05,ANCUSDT,0.03151000,-7.731,0.03518000,0.03101000,19984596.80000000
2026-10-05 13:35:05,NOMUSDT,0.00250700,-7.932,0.00279000,0.00241400,1974716248.00000000
2026-10-05 13:35:05,GTOUSDT,0.01233000,-8.054,0.01359000,0.01223000,41038500.40000000
2026-10-05 13:35:05,NBSUSDT,0.00166000,-8.791,0.00185000,0.00161000,336485032.70000000
2026-10-05 13:35:05,BSWUSDT,0.01120000,-8.943,0.01310000,0.00830000,49262095.80000000
2026-10-05 13:35:05,DENTUSDT,0.00003800,-9.524,0.00004400,0.00003500,7649995623.00000000
2026-10-05 13:35:05,BEAMXUSDT,0.00258400,-10.090,0.00289500,0.00242300,5434413625.00000000
2026-10-05 13:35:05,AIONUSDT,0.00943000,-10.190,0.01080000,0.00919000,55771436.00000000
2026-10-05 13:35:05,AKROUSDT,0.00098100,-10.574,0.00112000,0.00090600,196396908.00000000
2026-10-05 13:35:05,FUNUSDT,0.00034200,-10.938,0.00038600,0.00030000,434113819.00000000
2026-10-05 13:35:05,ADAUPUSDT,0.10400000,-11.111,0.11800000,0.09600000,3821679.54000000
2026-10-05 13:35:05,AMBUSDT,0.00032000,-11.111,0.00041000,0.00026000,1122634366.00000000
2026-10-05 13:35:05,MULTIUSDT,0.83400000,-11.182,0.94300000,0.80300000,395753.03800000
2026-10-05 13:35:05,FARMUSDT,5.80000000,-11.720,7.00000000,5.49000000,24879.65000000
2026-10-05 13:35:05,SLFUSDT,0.02080000,-12.236,0.02420000,0.01560000,14359265.00000000
2026-10-05 13:35:05,HIGHUSDT,0.03400000,-12.821,0.04000000,0.03300000,9230733.24900000
2026-10-05 13:35:05,BIFIUSDT,32.10000000,-13.243,39.00000000,32.00000000,6155.94700000
2026-10-05 13:35:05,NEBLUSDT,0.35500000,-13.625,0.41100000,0.35200000,1354564.60000000
2026-10-05 13:35:05,IDEXUSDT,0.00199000,-13.853,0.00249000,0.00199000,59448757.30000000
2026-10-05 13:35:05,GFTUSDT,0.00196000,-14.410,0.00243000,0.00190000,244649653.00000000
2026-10-05 13:35:05,TRUUSDT,0.00230000,-14.815,0.00280000,0.00220000,122006880.00000000
2026-10-05 13:35:05,PIVXUSDT,0.00970000,-14.912,0.01430000,0.00820000,37937654.00000000
2026-10-05 13:35:05,ICXUSDT,0.00841000,-14.965,0.01024000,0.00747000,32136814.20000000
2026-10-05 13:35:05,MBOXUSDT,0.00210000,-16.000,0.00270000,0.00160000,201786403.00000000
2026-10-05 13:35:05,COMBOUSDT,0.02760000,-16.616,0.03900000,0.02750000,10075449.90000000
2026-10-05 13:35:05,FORUSDT,0.00306000,-16.848,0.00372000,0.00300000,112283124.00000000
2026-10-05 13:35:05,CHESSUSDT,0.00281000,-16.864,0.00388000,0.00255000,52870057.50000000
2026-10-05 13:35:05,LEVERUSDT,0.00017500,-17.062,0.00021700,0.00016200,2049068736.00000000
2026-10-05 13:35:05,DFUSDT,0.00164000,-17.588,0.00212000,0.00129000,62177606.00000000
2026-10-05 13:35:05,PONDUSDT,0.00081000,-18.182,0.00101000,0.00076000,334878372.00000000
2026-10-05 13:35:05,DREPUSDT,0.02560000,-18.211,0.03330000,0.02500000,13959700.00000000
2026-10-05 13:35:05,VIDTUSDT,0.00115000,-19.014,0.00151000,0.00105000,148266713.00000000
2026-10-05 13:35:05,FORTHUSDT,0.23700000,-19.932,0.31200000,0.22100000,693162.84000000
2026-10-05 13:35:05,SYSUSDT,0.00223000,-20.072,0.00316000,0.00204000,42546058.00000000
2026-10-05 13:35:05,PERLUSDT,0.00460000,-20.553,0.00585000,0.00453000,67198312.80000000
2026-10-05 13:35:05,OAXUSDT,0.03580000,-21.491,0.04890000,0.03560000,4783896.00000000
2026-10-05 13:35:05,SCRTUSDT,0.00710000,-22.826,0.01800000,0.00670000,152111542.60000000
2026-10-05 13:35:05,UFTUSDT,0.00890000,-23.276,0.01210000,0.00860000,10771660.00000000
2026-10-05 13:35:05,WINGUSDT,0.32600000,-23.294,0.45600000,0.29100000,906940.49000000
2026-10-05 13:35:05,CVPUSDT,0.03390000,-23.303,0.04900000,0.03280000,10302989.30000000
2026-10-05 13:35:05,TROYUSDT,0.00006900,-23.333,0.00010500,0.00006100,1612739544.00000000
2026-10-05 13:35:05,NTRNUSDT,0.00160000,-23.810,0.00230000,0.00130000,121846737.70000000
2026-10-05 13:35:05,EPXUSDT,0.00001940,-24.514,0.00002860,0.00001700,14958973905.00000000
2026-10-05 13:35:05,VITEUSDT,0.00086000,-24.561,0.00116000,0.00080000,236768977.40000000
2026-10-05 13:35:05,OOKIUSDT,0.00011900,-24.684,0.00016300,0.00011600,5406517123.00000000
2026-10-05 13:35:05,FIROUSDT,0.30000000,-25.000,0.56000000,0.25500000,1208885.80000000
2026-10-05 13:35:05,PROSUSDT,0.03720000,-25.896,0.05200000,0.03500000,2618284.00000000
2026-10-05 13:35:05,BURGERUSDT,0.01720000,-28.631,0.02550000,0.01660000,10439094.10000000
2026-10-05 13:35:05,DATAUSDT,0.00088000,-31.250,0.00129000,0.00081000,109741867.20000000
2026-10-05 13:35:05,DEGOUSDT,0.02800000,-36.364,0.04700000,0.02400000,10981306.12000000
2026-10-05 13:35:05,VANRYUSDT,0.00074000,-37.128,0.00141400,0.00071000,2200183159.00000000
2026-10-05 13:35:05,SXPUSDT,0.00220000,-38.889,0.00380000,0.00190000,138298786.80000000
2026-10-05 13:35:05,HARDUSDT,0.00950000,-40.252,0.01590000,0.00880000,11528516.00000000
2026-10-05 13:35:05,ATAUSDT,0.00120000,-42.857,0.00220000,0.00120000,241706057.00000000
2026-10-05 13:35:05,VICUSDT,0.00770000,-42.963,0.01450000,0.00640000,96544375.49000000
2026-10-05 13:35:05,ACAUSDT,0.00180000,-51.351,0.00380000,0.00170000,135352800.72000000
2026-10-05 13:35:05,PHBUSDT,0.01500000,-54.545,0.03500000,0.01500000,13536068.60000000
2026-10-05 13:35:05,WTCUSDT,0.01030000,-56.540,0.02400000,0.01000000,28831218.00000000
2026-10-05 13:35:05,PYRUSDT,0.02100000,-57.143,0.04900000,0.01900000,23122309.46900000
2026-10-05 13:35:05,VIBUSDT,0.00223000,-63.262,0.00700000,0.00180000,85327486.00000000
2026-10-05 13:35:05,BETAUSDT,0.00036000,-64.000,0.00110000,0.00031000,453655672.00000000
2026-10-05 13:35:05,NFPUSDT,0.00181000,-65.849,0.00570000,0.00168000,1017542719.00000000
